Codigo_fuente,Archivo_original,Fase_inferida,Estado_documentado,Correspondencia_CommUp_confirmada,Revision_tecnica,Captura_probada,PDF_revisado,Revision_publicada,Observaciones
E01A,A Sheets/E01A.doc,A,Mapeo preliminar; pendiente de contraste y edición,,,,,,Completar con evidencia; no marcar como validado por estar publicado
E02A,A Sheets/E02A.doc,A,Mapeo preliminar; pendiente de contraste y edición,,,,,,Completar con evidencia; no marcar como validado por estar publicado
E03A,A Sheets/E03A.doc,A,Mapeo preliminar; pendiente de contraste y edición,,,,,,Completar con evidencia; no marcar como validado por estar publicado
E04A,A Sheets/E04A.doc,A,Mapeo preliminar; pendiente de contraste y edición,,,,,,Completar con evidencia; no marcar como validado por estar publicado
E05A,A Sheets/E05A.doc,A,Mapeo preliminar; pendiente de contraste y edición,,,,,,Completar con evidencia; no marcar como validado por estar publicado
E06A,A Sheets/E06A.doc,A,Mapeo preliminar; pendiente de contraste y edición,,,,,,Completar con evidencia; no marcar como validado por estar publicado
E07A,A Sheets/E07A.doc,A,Mapeo preliminar; pendiente de contraste y edición,,,,,,Completar con evidencia; no marcar como validado por estar publicado
E08A,A Sheets/E08A.doc,A,Mapeo preliminar; pendiente de contraste y edición,,,,,,Completar con evidencia; no marcar como validado por estar publicado
E09A,A Sheets/E09A.doc,A,Mapeo preliminar; pendiente de contraste y edición,,,,,,Completar con evidencia; no marcar como validado por estar publicado
E10A,A Sheets/E10A.doc,A,Mapeo preliminar; pendiente de contraste y edición,,,,,,Completar con evidencia; no marcar como validado por estar publicado
E11A,A Sheets/E11A.doc,A,Mapeo preliminar; pendiente de contraste y edición,,,,,,Completar con evidencia; no marcar como validado por estar publicado
E12A,A Sheets/E12A.doc,A,Mapeo preliminar; pendiente de contraste y edición,,,,,,Completar con evidencia; no marcar como validado por estar publicado
E13A,A Sheets/E13A.doc,A,Mapeo preliminar; pendiente de contraste y edición,,,,,,Completar con evidencia; no marcar como validado por estar publicado
E14A,A Sheets/E14A.doc,A,Mapeo preliminar; pendiente de contraste y edición,,,,,,Completar con evidencia; no marcar como validado por estar publicado
E15A,A Sheets/E15A.doc,A,Mapeo preliminar; pendiente de contraste y edición,,,,,,Completar con evidencia; no marcar como validado por estar publicado
E16A,A Sheets/E16A.doc,A,Mapeo preliminar; pendiente de contraste y edición,,,,,,Completar con evidencia; no marcar como validado por estar publicado
E17A,A Sheets/E17A.doc,A,Mapeo preliminar; pendiente de contraste y edición,,,,,,Completar con evidencia; no marcar como validado por estar publicado
E18A,A Sheets/E18A.doc,A,Mapeo preliminar; pendiente de contraste y edición,,,,,,Completar con evidencia; no marcar como validado por estar publicado
E19A,A Sheets/E19A.doc,A,Mapeo preliminar; pendiente de contraste y edición,,,,,,Completar con evidencia; no marcar como validado por estar publicado
E20A,A Sheets/E20A.doc,A,Mapeo preliminar; pendiente de contraste y edición,,,,,,Completar con evidencia; no marcar como validado por estar publicado
E21A,A Sheets/E21A.doc,A,Mapeo preliminar; pendiente de contraste y edición,,,,,,Completar con evidencia; no marcar como validado por estar publicado
E22A,A Sheets/E22A.doc,A,Mapeo preliminar; pendiente de contraste y edición,,,,,,Completar con evidencia; no marcar como validado por estar publicado
E23A,A Sheets/E23A.doc,A,Mapeo preliminar; pendiente de contraste y edición,,,,,,Completar con evidencia; no marcar como validado por estar publicado
E24A,A Sheets/E24A.doc,A,Mapeo preliminar; pendiente de contraste y edición,,,,,,Completar con evidencia; no marcar como validado por estar publicado
E25A,A Sheets/E25A.doc,A,Mapeo preliminar; pendiente de contraste y edición,,,,,,Completar con evidencia; no marcar como validado por estar publicado
E26A,A Sheets/E26A.doc,A,Mapeo preliminar; pendiente de contraste y edición,,,,,,Completar con evidencia; no marcar como validado por estar publicado
E27A,A Sheets/E27A.doc,A,Mapeo preliminar; pendiente de contraste y edición,,,,,,Completar con evidencia; no marcar como validado por estar publicado
E28A,A Sheets/E28A.doc,A,Mapeo preliminar; pendiente de contraste y edición,,,,,,Completar con evidencia; no marcar como validado por estar publicado
E29A,A Sheets/E29A.doc,A,Mapeo preliminar; pendiente de contraste y edición,,,,,,Completar con evidencia; no marcar como validado por estar publicado
E30A,A Sheets/E30A.doc,A,Mapeo preliminar; pendiente de contraste y edición,,,,,,Completar con evidencia; no marcar como validado por estar publicado
E31A,A Sheets/E31A.doc,A,Mapeo preliminar; pendiente de contraste y edición,,,,,,Completar con evidencia; no marcar como validado por estar publicado
E32A,A Sheets/E32A.doc,A,Mapeo preliminar; pendiente de contraste y edición,,,,,,Completar con evidencia; no marcar como validado por estar publicado
E33A,A Sheets/E33A.doc,A,Mapeo preliminar; pendiente de contraste y edición,,,,,,Completar con evidencia; no marcar como validado por estar publicado
E34A,A Sheets/E34A.doc,A,Mapeo preliminar; pendiente de contraste y edición,,,,,,Completar con evidencia; no marcar como validado por estar publicado
E35A,A Sheets/E35A.doc,A,Mapeo preliminar; pendiente de contraste y edición,,,,,,Completar con evidencia; no marcar como validado por estar publicado
E36A,A Sheets/E36A.doc,A,Mapeo preliminar; pendiente de contraste y edición,,,,,,Completar con evidencia; no marcar como validado por estar publicado
E37A,A Sheets/E37A.doc,A,Mapeo preliminar; pendiente de contraste y edición,,,,,,Completar con evidencia; no marcar como validado por estar publicado
E38A,A Sheets/E38A.doc,A,Mapeo preliminar; pendiente de contraste y edición,,,,,,Completar con evidencia; no marcar como validado por estar publicado
E39A,A Sheets/E39A.doc,A,Mapeo preliminar; pendiente de contraste y edición,,,,,,Completar con evidencia; no marcar como validado por estar publicado
E40A,A Sheets/E40A.doc,A,Mapeo preliminar; pendiente de contraste y edición,,,,,,Completar con evidencia; no marcar como validado por estar publicado
E41A,A Sheets/E41A.doc,A,Mapeo preliminar; pendiente de contraste y edición,,,,,,Completar con evidencia; no marcar como validado por estar publicado
H01A,A Sheets/H01A.doc,A,Mapeo preliminar; pendiente de contraste y edición,,,,,,Completar con evidencia; no marcar como validado por estar publicado
H02A,A Sheets/H02A.doc,A,Mapeo preliminar; pendiente de contraste y edición,,,,,,Completar con evidencia; no marcar como validado por estar publicado
H03A,A Sheets/H03A.doc,A,Mapeo preliminar; pendiente de contraste y edición,,,,,,Completar con evidencia; no marcar como validado por estar publicado
H04A,A Sheets/H04A.doc,A,Mapeo preliminar; pendiente de contraste y edición,,,,,,Completar con evidencia; no marcar como validado por estar publicado
H05A,A Sheets/H05A.doc,A,Mapeo preliminar; pendiente de contraste y edición,,,,,,Completar con evidencia; no marcar como validado por estar publicado
H06A,A Sheets/H06A.doc,A,Mapeo preliminar; pendiente de contraste y edición,,,,,,Completar con evidencia; no marcar como validado por estar publicado
H07A,A Sheets/H07A.doc,A,Mapeo preliminar; pendiente de contraste y edición,,,,,,Completar con evidencia; no marcar como validado por estar publicado
H08A,A Sheets/H08A.doc,A,Mapeo preliminar; pendiente de contraste y edición,,,,,,Completar con evidencia; no marcar como validado por estar publicado
H09A,A Sheets/H09A.doc,A,Mapeo preliminar; pendiente de contraste y edición,,,,,,Completar con evidencia; no marcar como validado por estar publicado
H10A,A Sheets/H10A.doc,A,Mapeo preliminar; pendiente de contraste y edición,,,,,,Completar con evidencia; no marcar como validado por estar publicado
H11A,A Sheets/H11A.doc,A,Mapeo preliminar; pendiente de contraste y edición,,,,,,Completar con evidencia; no marcar como validado por estar publicado
H12A,A Sheets/H12A.doc,A,Mapeo preliminar; pendiente de contraste y edición,,,,,,Completar con evidencia; no marcar como validado por estar publicado
H13A,A Sheets/H13A.doc,A,Mapeo preliminar; pendiente de contraste y edición,,,,,,Completar con evidencia; no marcar como validado por estar publicado
H14A,A Sheets/H14A.doc,A,Mapeo preliminar; pendiente de contraste y edición,,,,,,Completar con evidencia; no marcar como validado por estar publicado
H15A,A Sheets/H15A.doc,A,Mapeo preliminar; pendiente de contraste y edición,,,,,,Completar con evidencia; no marcar como validado por estar publicado
H16A,A Sheets/H16A.doc,A,Mapeo preliminar; pendiente de contraste y edición,,,,,,Completar con evidencia; no marcar como validado por estar publicado
I01A,A Sheets/I01A.doc,A,v2 publicada según registro; validación integral pendiente,,,,,2,Completar con evidencia; no marcar como validado por estar publicado
I02A,A Sheets/I02A.doc,A,Mapeo preliminar; pendiente de contraste y edición,,,,,,Completar con evidencia; no marcar como validado por estar publicado
I03A,A Sheets/I03A.doc,A,Mapeo preliminar; pendiente de contraste y edición,,,,,,Completar con evidencia; no marcar como validado por estar publicado
I04A,A Sheets/I04A.doc,A,v2 publicada según registro; validación integral pendiente,,,,,2,Completar con evidencia; no marcar como validado por estar publicado
I05A,A Sheets/I05A.doc,A,Mapeo preliminar; pendiente de contraste y edición,,,,,,Completar con evidencia; no marcar como validado por estar publicado
I06A,A Sheets/I06A.doc,A,v2 publicada según registro; validación integral pendiente,,,,,2,Completar con evidencia; no marcar como validado por estar publicado
I07A,A Sheets/I07A.doc,A,Mapeo preliminar; pendiente de contraste y edición,,,,,,Completar con evidencia; no marcar como validado por estar publicado
I08A,A Sheets/I08A.doc,A,Mapeo preliminar; pendiente de contraste y edición,,,,,,Completar con evidencia; no marcar como validado por estar publicado
I09A,A Sheets/I09A.doc,A,Mapeo preliminar; pendiente de contraste y edición,,,,,,Completar con evidencia; no marcar como validado por estar publicado
I10A,A Sheets/I10A.doc,A,v2 publicada según registro; validación integral pendiente,,,,,2,Completar con evidencia; no marcar como validado por estar publicado
I11A,A Sheets/I11A.doc,A,Mapeo preliminar; pendiente de contraste y edición,,,,,,Completar con evidencia; no marcar como validado por estar publicado
I12A,A Sheets/I12A.doc,A,Mapeo preliminar; pendiente de contraste y edición,,,,,,Completar con evidencia; no marcar como validado por estar publicado
I14A,A Sheets/I14A.doc,A,Mapeo preliminar; pendiente de contraste y edición,,,,,,Completar con evidencia; no marcar como validado por estar publicado
I15A,A Sheets/I15A.doc,A,Mapeo preliminar; pendiente de contraste y edición,,,,,,Completar con evidencia; no marcar como validado por estar publicado
I16A,A Sheets/I16A.doc,A,Mapeo preliminar; pendiente de contraste y edición,,,,,,Completar con evidencia; no marcar como validado por estar publicado
I17A,A Sheets/I17A.doc,A,Mapeo preliminar; pendiente de contraste y edición,,,,,,Completar con evidencia; no marcar como validado por estar publicado
I18A,A Sheets/I18A.doc,A,Mapeo preliminar; pendiente de contraste y edición,,,,,,Completar con evidencia; no marcar como validado por estar publicado
L01A,A Sheets/L01A.doc,A,Mapeo preliminar; pendiente de contraste y edición,,,,,,Completar con evidencia; no marcar como validado por estar publicado
L02A,A Sheets/L02A.doc,A,Mapeo preliminar; pendiente de contraste y edición,,,,,,Completar con evidencia; no marcar como validado por estar publicado
L03A,A Sheets/L03A.doc,A,Mapeo preliminar; pendiente de contraste y edición,,,,,,Completar con evidencia; no marcar como validado por estar publicado
L04A,A Sheets/L04A.doc,A,Mapeo preliminar; pendiente de contraste y edición,,,,,,Completar con evidencia; no marcar como validado por estar publicado
L05A,A Sheets/L05A.doc,A,Mapeo preliminar; pendiente de contraste y edición,,,,,,Completar con evidencia; no marcar como validado por estar publicado
L06A,A Sheets/L06A.doc,A,Mapeo preliminar; pendiente de contraste y edición,,,,,,Completar con evidencia; no marcar como validado por estar publicado
L07A,A Sheets/L07A.doc,A,Mapeo preliminar; pendiente de contraste y edición,,,,,,Completar con evidencia; no marcar como validado por estar publicado
L08A,A Sheets/L08A.doc,A,Mapeo preliminar; pendiente de contraste y edición,,,,,,Completar con evidencia; no marcar como validado por estar publicado
M01A,A Sheets/M01A.doc,A,Mapeo preliminar; pendiente de contraste y edición,,,,,,Completar con evidencia; no marcar como validado por estar publicado
M02A,A Sheets/M02A.doc,A,Mapeo preliminar; pendiente de contraste y edición,,,,,,Completar con evidencia; no marcar como validado por estar publicado
M03A,A Sheets/M03A.doc,A,Mapeo preliminar; pendiente de contraste y edición,,,,,,Completar con evidencia; no marcar como validado por estar publicado
M04A,A Sheets/M04A.doc,A,Mapeo preliminar; pendiente de contraste y edición,,,,,,Completar con evidencia; no marcar como validado por estar publicado
M05A,A Sheets/M05A.doc,A,Mapeo preliminar; pendiente de contraste y edición,,,,,,Completar con evidencia; no marcar como validado por estar publicado
M06A,A Sheets/M06A.doc,A,Mapeo preliminar; pendiente de contraste y edición,,,,,,Completar con evidencia; no marcar como validado por estar publicado
M07A,A Sheets/M07A.doc,A,Mapeo preliminar; pendiente de contraste y edición,,,,,,Completar con evidencia; no marcar como validado por estar publicado
M08A,A Sheets/M08A.doc,A,Mapeo preliminar; pendiente de contraste y edición,,,,,,Completar con evidencia; no marcar como validado por estar publicado
M09A,A Sheets/M09A.doc,A,Mapeo preliminar; pendiente de contraste y edición,,,,,,Completar con evidencia; no marcar como validado por estar publicado
M10A,A Sheets/M10A.doc,A,Mapeo preliminar; pendiente de contraste y edición,,,,,,Completar con evidencia; no marcar como validado por estar publicado
M11A,A Sheets/M11A.doc,A,Mapeo preliminar; pendiente de contraste y edición,,,,,,Completar con evidencia; no marcar como validado por estar publicado
M12A,A Sheets/M12A.doc,A,Mapeo preliminar; pendiente de contraste y edición,,,,,,Completar con evidencia; no marcar como validado por estar publicado
M13A,A Sheets/M13A.doc,A,Mapeo preliminar; pendiente de contraste y edición,,,,,,Completar con evidencia; no marcar como validado por estar publicado
M14A,A Sheets/M14A.doc,A,Mapeo preliminar; pendiente de contraste y edición,,,,,,Completar con evidencia; no marcar como validado por estar publicado
M15A,A Sheets/M15A.doc,A,Mapeo preliminar; pendiente de contraste y edición,,,,,,Completar con evidencia; no marcar como validado por estar publicado
M16A,A Sheets/M16A.doc,A,Mapeo preliminar; pendiente de contraste y edición,,,,,,Completar con evidencia; no marcar como validado por estar publicado
M17A,A Sheets/M17A.doc,A,Mapeo preliminar; pendiente de contraste y edición,,,,,,Completar con evidencia; no marcar como validado por estar publicado
M18A,A Sheets/M18A.doc,A,Mapeo preliminar; pendiente de contraste y edición,,,,,,Completar con evidencia; no marcar como validado por estar publicado
M19A,A Sheets/M19A.doc,A,Mapeo preliminar; pendiente de contraste y edición,,,,,,Completar con evidencia; no marcar como validado por estar publicado
M20A,A Sheets/M20A.doc,A,Mapeo preliminar; pendiente de contraste y edición,,,,,,Completar con evidencia; no marcar como validado por estar publicado
M21A,A Sheets/M21A.doc,A,Mapeo preliminar; pendiente de contraste y edición,,,,,,Completar con evidencia; no marcar como validado por estar publicado
M22A,A Sheets/M22A.doc,A,Mapeo preliminar; pendiente de contraste y edición,,,,,,Completar con evidencia; no marcar como validado por estar publicado
M23A,A Sheets/M23A.doc,A,Mapeo preliminar; pendiente de contraste y edición,,,,,,Completar con evidencia; no marcar como validado por estar publicado
M24A,A Sheets/M24A.doc,A,Mapeo preliminar; pendiente de contraste y edición,,,,,,Completar con evidencia; no marcar como validado por estar publicado
M25A,A Sheets/M25A.doc,A,Mapeo preliminar; pendiente de contraste y edición,,,,,,Completar con evidencia; no marcar como validado por estar publicado
M26A,A Sheets/M26A.doc,A,Mapeo preliminar; pendiente de contraste y edición,,,,,,Completar con evidencia; no marcar como validado por estar publicado
M27A,A Sheets/M27A.doc,A,Mapeo preliminar; pendiente de contraste y edición,,,,,,Completar con evidencia; no marcar como validado por estar publicado
M28A,A Sheets/M28A.doc,A,Mapeo preliminar; pendiente de contraste y edición,,,,,,Completar con evidencia; no marcar como validado por estar publicado
M29A,A Sheets/M29A.doc,A,Mapeo preliminar; pendiente de contraste y edición,,,,,,Completar con evidencia; no marcar como validado por estar publicado
M30A,A Sheets/M30A.doc,A,Mapeo preliminar; pendiente de contraste y edición,,,,,,Completar con evidencia; no marcar como validado por estar publicado
M31A,A Sheets/M31A.doc,A,Mapeo preliminar; pendiente de contraste y edición,,,,,,Completar con evidencia; no marcar como validado por estar publicado
M32A,A Sheets/M32A.doc,A,Mapeo preliminar; pendiente de contraste y edición,,,,,,Completar con evidencia; no marcar como validado por estar publicado
M33A,A Sheets/M33A.doc,A,Mapeo preliminar; pendiente de contraste y edición,,,,,,Completar con evidencia; no marcar como validado por estar publicado
M34A,A Sheets/M34A.doc,A,Mapeo preliminar; pendiente de contraste y edición,,,,,,Completar con evidencia; no marcar como validado por estar publicado
M35A,A Sheets/M35A.doc,A,Mapeo preliminar; pendiente de contraste y edición,,,,,,Completar con evidencia; no marcar como validado por estar publicado
M36A,A Sheets/M36A.doc,A,Mapeo preliminar; pendiente de contraste y edición,,,,,,Completar con evidencia; no marcar como validado por estar publicado
M37A,A Sheets/M37A.doc,A,Mapeo preliminar; pendiente de contraste y edición,,,,,,Completar con evidencia; no marcar como validado por estar publicado
M38A,A Sheets/M38A.doc,A,Mapeo preliminar; pendiente de contraste y edición,,,,,,Completar con evidencia; no marcar como validado por estar publicado
M39A,A Sheets/M39A.doc,A,Mapeo preliminar; pendiente de contraste y edición,,,,,,Completar con evidencia; no marcar como validado por estar publicado
M40A,A Sheets/M40A.doc,A,Mapeo preliminar; pendiente de contraste y edición,,,,,,Completar con evidencia; no marcar como validado por estar publicado
M41A,A Sheets/M41A.doc,A,Mapeo preliminar; pendiente de contraste y edición,,,,,,Completar con evidencia; no marcar como validado por estar publicado
M42A,A Sheets/M42A.doc,A,Mapeo preliminar; pendiente de contraste y edición,,,,,,Completar con evidencia; no marcar como validado por estar publicado
M43A,A Sheets/M43A.doc,A,Mapeo preliminar; pendiente de contraste y edición,,,,,,Completar con evidencia; no marcar como validado por estar publicado
M44A,A Sheets/M44A.doc,A,Mapeo preliminar; pendiente de contraste y edición,,,,,,Completar con evidencia; no marcar como validado por estar publicado
P01A,A Sheets/P01A.doc,A,Mapeo preliminar; pendiente de contraste y edición,,,,,,Completar con evidencia; no marcar como validado por estar publicado
P02A,A Sheets/P02A.doc,A,Mapeo preliminar; pendiente de contraste y edición,,,,,,Completar con evidencia; no marcar como validado por estar publicado
P03A,A Sheets/P03A.doc,A,Mapeo preliminar; pendiente de contraste y edición,,,,,,Completar con evidencia; no marcar como validado por estar publicado
P04A,A Sheets/P04A.doc,A,Mapeo preliminar; pendiente de contraste y edición,,,,,,Completar con evidencia; no marcar como validado por estar publicado
P05A,A Sheets/P05A.doc,A,Mapeo preliminar; pendiente de contraste y edición,,,,,,Completar con evidencia; no marcar como validado por estar publicado
P06A(1),A Sheets/P06A(1).doc,),Mapeo preliminar; pendiente de contraste y edición,,,,,,Completar con evidencia; no marcar como validado por estar publicado
P06A,A Sheets/P06A.doc,A,Mapeo preliminar; pendiente de contraste y edición,,,,,,Completar con evidencia; no marcar como validado por estar publicado
P07A,A Sheets/P07A.doc,A,Mapeo preliminar; pendiente de contraste y edición,,,,,,Completar con evidencia; no marcar como validado por estar publicado
P08A,A Sheets/P08A.doc,A,Mapeo preliminar; pendiente de contraste y edición,,,,,,Completar con evidencia; no marcar como validado por estar publicado
P10A,A Sheets/P10A.doc,A,Mapeo preliminar; pendiente de contraste y edición,,,,,,Completar con evidencia; no marcar como validado por estar publicado
P11A,A Sheets/P11A.doc,A,Mapeo preliminar; pendiente de contraste y edición,,,,,,Completar con evidencia; no marcar como validado por estar publicado
Q01A,A Sheets/Q01A.doc,A,Mapeo preliminar; pendiente de contraste y edición,,,,,,Completar con evidencia; no marcar como validado por estar publicado
Q02A,A Sheets/Q02A.doc,A,Mapeo preliminar; pendiente de contraste y edición,,,,,,Completar con evidencia; no marcar como validado por estar publicado
Q03A,A Sheets/Q03A.doc,A,Mapeo preliminar; pendiente de contraste y edición,,,,,,Completar con evidencia; no marcar como validado por estar publicado
Q04A,A Sheets/Q04A.doc,A,Mapeo preliminar; pendiente de contraste y edición,,,,,,Completar con evidencia; no marcar como validado por estar publicado
Q05A,A Sheets/Q05A.doc,A,Mapeo preliminar; pendiente de contraste y edición,,,,,,Completar con evidencia; no marcar como validado por estar publicado
Q06A,A Sheets/Q06A.doc,A,Mapeo preliminar; pendiente de contraste y edición,,,,,,Completar con evidencia; no marcar como validado por estar publicado
Q07A,A Sheets/Q07A.doc,A,Mapeo preliminar; pendiente de contraste y edición,,,,,,Completar con evidencia; no marcar como validado por estar publicado
T01A,A Sheets/T01A.doc,A,Mapeo preliminar; pendiente de contraste y edición,,,,,,Completar con evidencia; no marcar como validado por estar publicado
T02A,A Sheets/T02A.doc,A,Mapeo preliminar; pendiente de contraste y edición,,,,,,Completar con evidencia; no marcar como validado por estar publicado
T03A,A Sheets/T03A.doc,A,Mapeo preliminar; pendiente de contraste y edición,,,,,,Completar con evidencia; no marcar como validado por estar publicado
T04A,A Sheets/T04A.doc,A,Mapeo preliminar; pendiente de contraste y edición,,,,,,Completar con evidencia; no marcar como validado por estar publicado
T05A,A Sheets/T05A.doc,A,Mapeo preliminar; pendiente de contraste y edición,,,,,,Completar con evidencia; no marcar como validado por estar publicado
T06A,A Sheets/T06A.doc,A,Mapeo preliminar; pendiente de contraste y edición,,,,,,Completar con evidencia; no marcar como validado por estar publicado
T07A,A Sheets/T07A.doc,A,Mapeo preliminar; pendiente de contraste y edición,,,,,,Completar con evidencia; no marcar como validado por estar publicado
T08A,A Sheets/T08A.doc,A,Mapeo preliminar; pendiente de contraste y edición,,,,,,Completar con evidencia; no marcar como validado por estar publicado
T09A,A Sheets/T09A.doc,A,Mapeo preliminar; pendiente de contraste y edición,,,,,,Completar con evidencia; no marcar como validado por estar publicado
T10A,A Sheets/T10A.doc,A,Mapeo preliminar; pendiente de contraste y edición,,,,,,Completar con evidencia; no marcar como validado por estar publicado
T11A,A Sheets/T11A.doc,A,Mapeo preliminar; pendiente de contraste y edición,,,,,,Completar con evidencia; no marcar como validado por estar publicado
T12A,A Sheets/T12A.doc,A,Mapeo preliminar; pendiente de contraste y edición,,,,,,Completar con evidencia; no marcar como validado por estar publicado
X01A,A Sheets/X01A.doc,A,Mapeo preliminar; pendiente de contraste y edición,,,,,,Completar con evidencia; no marcar como validado por estar publicado
X02A,A Sheets/X02A.doc,A,Mapeo preliminar; pendiente de contraste y edición,,,,,,Completar con evidencia; no marcar como validado por estar publicado
E03B,B Sheets/E03B.doc,B,Mapeo preliminar; pendiente de contraste y edición,,,,,,Completar con evidencia; no marcar como validado por estar publicado
E03BV,B Sheets/E03BV.doc,V,Mapeo preliminar; pendiente de contraste y edición,,,,,,Completar con evidencia; no marcar como validado por estar publicado
E04B,B Sheets/E04B.doc,B,Mapeo preliminar; pendiente de contraste y edición,,,,,,Completar con evidencia; no marcar como validado por estar publicado
E04BV,B Sheets/E04BV.doc,V,Mapeo preliminar; pendiente de contraste y edición,,,,,,Completar con evidencia; no marcar como validado por estar publicado
E05B,B Sheets/E05B.doc,B,Mapeo preliminar; pendiente de contraste y edición,,,,,,Completar con evidencia; no marcar como validado por estar publicado
E05BV,B Sheets/E05BV.doc,V,Mapeo preliminar; pendiente de contraste y edición,,,,,,Completar con evidencia; no marcar como validado por estar publicado
E06B,B Sheets/E06B.doc,B,Mapeo preliminar; pendiente de contraste y edición,,,,,,Completar con evidencia; no marcar como validado por estar publicado
E06BV,B Sheets/E06BV.doc,V,Mapeo preliminar; pendiente de contraste y edición,,,,,,Completar con evidencia; no marcar como validado por estar publicado
E07B,B Sheets/E07B.doc,B,Mapeo preliminar; pendiente de contraste y edición,,,,,,Completar con evidencia; no marcar como validado por estar publicado
E10B,B Sheets/E10B.doc,B,Mapeo preliminar; pendiente de contraste y edición,,,,,,Completar con evidencia; no marcar como validado por estar publicado
E11B,B Sheets/E11B.doc,B,Mapeo preliminar; pendiente de contraste y edición,,,,,,Completar con evidencia; no marcar como validado por estar publicado
E13B,B Sheets/E13B.doc,B,Mapeo preliminar; pendiente de contraste y edición,,,,,,Completar con evidencia; no marcar como validado por estar publicado
E14-1B,B Sheets/E14-1B.doc,B,Mapeo preliminar; pendiente de contraste y edición,,,,,,Completar con evidencia; no marcar como validado por estar publicado
E14-2B,B Sheets/E14-2B.doc,B,Mapeo preliminar; pendiente de contraste y edición,,,,,,Completar con evidencia; no marcar como validado por estar publicado
E15B,B Sheets/E15B.doc,B,Mapeo preliminar; pendiente de contraste y edición,,,,,,Completar con evidencia; no marcar como validado por estar publicado
E17B,B Sheets/E17B.doc,B,Mapeo preliminar; pendiente de contraste y edición,,,,,,Completar con evidencia; no marcar como validado por estar publicado
E18B,B Sheets/E18B.doc,B,Mapeo preliminar; pendiente de contraste y edición,,,,,,Completar con evidencia; no marcar como validado por estar publicado
E20B,B Sheets/E20B.doc,B,Mapeo preliminar; pendiente de contraste y edición,,,,,,Completar con evidencia; no marcar como validado por estar publicado
E20BV,B Sheets/E20BV.doc,V,Mapeo preliminar; pendiente de contraste y edición,,,,,,Completar con evidencia; no marcar como validado por estar publicado
E21B,B Sheets/E21B.doc,B,Mapeo preliminar; pendiente de contraste y edición,,,,,,Completar con evidencia; no marcar como validado por estar publicado
E21BV,B Sheets/E21BV.doc,V,Mapeo preliminar; pendiente de contraste y edición,,,,,,Completar con evidencia; no marcar como validado por estar publicado
E22B,B Sheets/E22B.doc,B,Mapeo preliminar; pendiente de contraste y edición,,,,,,Completar con evidencia; no marcar como validado por estar publicado
E34B,B Sheets/E34B.doc,B,Mapeo preliminar; pendiente de contraste y edición,,,,,,Completar con evidencia; no marcar como validado por estar publicado
E41B,B Sheets/E41B.doc,B,Mapeo preliminar; pendiente de contraste y edición,,,,,,Completar con evidencia; no marcar como validado por estar publicado
E42-1B,B Sheets/E42-1B.doc,B,Mapeo preliminar; pendiente de contraste y edición,,,,,,Completar con evidencia; no marcar como validado por estar publicado
E47B,B Sheets/E47B.doc,B,Mapeo preliminar; pendiente de contraste y edición,,,,,,Completar con evidencia; no marcar como validado por estar publicado
E48B,B Sheets/E48B.doc,B,Mapeo preliminar; pendiente de contraste y edición,,,,,,Completar con evidencia; no marcar como validado por estar publicado
E49BV-1,B Sheets/E49BV-1.doc,1,Mapeo preliminar; pendiente de contraste y edición,,,,,,Completar con evidencia; no marcar como validado por estar publicado
E49BV,B Sheets/E49BV.doc,V,Mapeo preliminar; pendiente de contraste y edición,,,,,,Completar con evidencia; no marcar como validado por estar publicado
E50B,B Sheets/E50B.doc,B,Mapeo preliminar; pendiente de contraste y edición,,,,,,Completar con evidencia; no marcar como validado por estar publicado
E51B,B Sheets/E51B.doc,B,Mapeo preliminar; pendiente de contraste y edición,,,,,,Completar con evidencia; no marcar como validado por estar publicado
E52BV,B Sheets/E52BV.doc,V,Mapeo preliminar; pendiente de contraste y edición,,,,,,Completar con evidencia; no marcar como validado por estar publicado
E54B,B Sheets/E54B.doc,B,Mapeo preliminar; pendiente de contraste y edición,,,,,,Completar con evidencia; no marcar como validado por estar publicado
H02B,B Sheets/H02B.doc,B,Mapeo preliminar; pendiente de contraste y edición,,,,,,Completar con evidencia; no marcar como validado por estar publicado
H03B,B Sheets/H03B.doc,B,Mapeo preliminar; pendiente de contraste y edición,,,,,,Completar con evidencia; no marcar como validado por estar publicado
H04B,B Sheets/H04B.doc,B,Mapeo preliminar; pendiente de contraste y edición,,,,,,Completar con evidencia; no marcar como validado por estar publicado
H05B,B Sheets/H05B.doc,B,Mapeo preliminar; pendiente de contraste y edición,,,,,,Completar con evidencia; no marcar como validado por estar publicado
H15B,B Sheets/H15B.doc,B,Mapeo preliminar; pendiente de contraste y edición,,,,,,Completar con evidencia; no marcar como validado por estar publicado
H17B,B Sheets/H17B.doc,B,Mapeo preliminar; pendiente de contraste y edición,,,,,,Completar con evidencia; no marcar como validado por estar publicado
H18B,B Sheets/H18B.doc,B,Mapeo preliminar; pendiente de contraste y edición,,,,,,Completar con evidencia; no marcar como validado por estar publicado
H50b,B Sheets/H50b.doc,b,Mapeo preliminar; pendiente de contraste y edición,,,,,,Completar con evidencia; no marcar como validado por estar publicado
I03B,B Sheets/I03B.doc,B,Mapeo preliminar; pendiente de contraste y edición,,,,,,Completar con evidencia; no marcar como validado por estar publicado
I04B,B Sheets/I04B.doc,B,Mapeo preliminar; pendiente de contraste y edición,,,,,,Completar con evidencia; no marcar como validado por estar publicado
I11B,B Sheets/I11B.doc,B,Mapeo preliminar; pendiente de contraste y edición,,,,,,Completar con evidencia; no marcar como validado por estar publicado
I12B,B Sheets/I12B.doc,B,Mapeo preliminar; pendiente de contraste y edición,,,,,,Completar con evidencia; no marcar como validado por estar publicado
I14B,B Sheets/I14B.doc,B,Mapeo preliminar; pendiente de contraste y edición,,,,,,Completar con evidencia; no marcar como validado por estar publicado
I26B,B Sheets/I26B.doc,B,Mapeo preliminar; pendiente de contraste y edición,,,,,,Completar con evidencia; no marcar como validado por estar publicado
I27B,B Sheets/I27B.doc,B,Mapeo preliminar; pendiente de contraste y edición,,,,,,Completar con evidencia; no marcar como validado por estar publicado
I34B,B Sheets/I34B.doc,B,Mapeo preliminar; pendiente de contraste y edición,,,,,,Completar con evidencia; no marcar como validado por estar publicado
I42B,B Sheets/I42B.doc,B,Mapeo preliminar; pendiente de contraste y edición,,,,,,Completar con evidencia; no marcar como validado por estar publicado
I43B,B Sheets/I43B.doc,B,Mapeo preliminar; pendiente de contraste y edición,,,,,,Completar con evidencia; no marcar como validado por estar publicado
L04B,B Sheets/L04B.doc,B,Mapeo preliminar; pendiente de contraste y edición,,,,,,Completar con evidencia; no marcar como validado por estar publicado
L08B,B Sheets/L08B.doc,B,Mapeo preliminar; pendiente de contraste y edición,,,,,,Completar con evidencia; no marcar como validado por estar publicado
L10B,B Sheets/L10B.doc,B,Mapeo preliminar; pendiente de contraste y edición,,,,,,Completar con evidencia; no marcar como validado por estar publicado
M03B,B Sheets/M03B.doc,B,Mapeo preliminar; pendiente de contraste y edición,,,,,,Completar con evidencia; no marcar como validado por estar publicado
M06B,B Sheets/M06B.doc,B,Mapeo preliminar; pendiente de contraste y edición,,,,,,Completar con evidencia; no marcar como validado por estar publicado
M07B,B Sheets/M07B.doc,B,Mapeo preliminar; pendiente de contraste y edición,,,,,,Completar con evidencia; no marcar como validado por estar publicado
M09B-1,B Sheets/M09B-1.doc,1,Mapeo preliminar; pendiente de contraste y edición,,,,,,Completar con evidencia; no marcar como validado por estar publicado
M09B-2,B Sheets/M09B-2.doc,2,Mapeo preliminar; pendiente de contraste y edición,,,,,,Completar con evidencia; no marcar como validado por estar publicado
M09B,B Sheets/M09B.doc,B,Mapeo preliminar; pendiente de contraste y edición,,,,,,Completar con evidencia; no marcar como validado por estar publicado
M10B,B Sheets/M10B.doc,B,Mapeo preliminar; pendiente de contraste y edición,,,,,,Completar con evidencia; no marcar como validado por estar publicado
M12B,B Sheets/M12B.doc,B,Mapeo preliminar; pendiente de contraste y edición,,,,,,Completar con evidencia; no marcar como validado por estar publicado
M13B,B Sheets/M13B.doc,B,Mapeo preliminar; pendiente de contraste y edición,,,,,,Completar con evidencia; no marcar como validado por estar publicado
M14B,B Sheets/M14B.doc,B,Mapeo preliminar; pendiente de contraste y edición,,,,,,Completar con evidencia; no marcar como validado por estar publicado
M21B,B Sheets/M21B.doc,B,Mapeo preliminar; pendiente de contraste y edición,,,,,,Completar con evidencia; no marcar como validado por estar publicado
M22B,B Sheets/M22B.doc,B,Mapeo preliminar; pendiente de contraste y edición,,,,,,Completar con evidencia; no marcar como validado por estar publicado
M23B,B Sheets/M23B.doc,B,Mapeo preliminar; pendiente de contraste y edición,,,,,,Completar con evidencia; no marcar como validado por estar publicado
M41B,B Sheets/M41B.doc,B,Mapeo preliminar; pendiente de contraste y edición,,,,,,Completar con evidencia; no marcar como validado por estar publicado
M42B,B Sheets/M42B.doc,B,Mapeo preliminar; pendiente de contraste y edición,,,,,,Completar con evidencia; no marcar como validado por estar publicado
M44B,B Sheets/M44B.doc,B,Mapeo preliminar; pendiente de contraste y edición,,,,,,Completar con evidencia; no marcar como validado por estar publicado
M49B,B Sheets/M49B.doc,B,Mapeo preliminar; pendiente de contraste y edición,,,,,,Completar con evidencia; no marcar como validado por estar publicado
M50B,B Sheets/M50B.doc,B,Mapeo preliminar; pendiente de contraste y edición,,,,,,Completar con evidencia; no marcar como validado por estar publicado
M51B,B Sheets/M51B.doc,B,Mapeo preliminar; pendiente de contraste y edición,,,,,,Completar con evidencia; no marcar como validado por estar publicado
M52B,B Sheets/M52B.doc,B,Mapeo preliminar; pendiente de contraste y edición,,,,,,Completar con evidencia; no marcar como validado por estar publicado
M53B,B Sheets/M53B.doc,B,Mapeo preliminar; pendiente de contraste y edición,,,,,,Completar con evidencia; no marcar como validado por estar publicado
M54B,B Sheets/M54B.doc,B,Mapeo preliminar; pendiente de contraste y edición,,,,,,Completar con evidencia; no marcar como validado por estar publicado
M55B,B Sheets/M55B.doc,B,Mapeo preliminar; pendiente de contraste y edición,,,,,,Completar con evidencia; no marcar como validado por estar publicado
M56B,B Sheets/M56B.doc,B,Mapeo preliminar; pendiente de contraste y edición,,,,,,Completar con evidencia; no marcar como validado por estar publicado
M57B,B Sheets/M57B.doc,B,Mapeo preliminar; pendiente de contraste y edición,,,,,,Completar con evidencia; no marcar como validado por estar publicado
M58B,B Sheets/M58B.doc,B,Mapeo preliminar; pendiente de contraste y edición,,,,,,Completar con evidencia; no marcar como validado por estar publicado
M59B,B Sheets/M59B.doc,B,Mapeo preliminar; pendiente de contraste y edición,,,,,,Completar con evidencia; no marcar como validado por estar publicado
M60B,B Sheets/M60B.doc,B,Mapeo preliminar; pendiente de contraste y edición,,,,,,Completar con evidencia; no marcar como validado por estar publicado
M61B,B Sheets/M61B.doc,B,Mapeo preliminar; pendiente de contraste y edición,,,,,,Completar con evidencia; no marcar como validado por estar publicado
M62B,B Sheets/M62B.doc,B,Mapeo preliminar; pendiente de contraste y edición,,,,,,Completar con evidencia; no marcar como validado por estar publicado
M64B,B Sheets/M64B.doc,B,Mapeo preliminar; pendiente de contraste y edición,,,,,,Completar con evidencia; no marcar como validado por estar publicado
M65B,B Sheets/M65B.doc,B,Mapeo preliminar; pendiente de contraste y edición,,,,,,Completar con evidencia; no marcar como validado por estar publicado
P11B,B Sheets/P11B.doc,B,Mapeo preliminar; pendiente de contraste y edición,,,,,,Completar con evidencia; no marcar como validado por estar publicado
P13B,B Sheets/P13B.doc,B,Mapeo preliminar; pendiente de contraste y edición,,,,,,Completar con evidencia; no marcar como validado por estar publicado
P14B,B Sheets/P14B.doc,B,Mapeo preliminar; pendiente de contraste y edición,,,,,,Completar con evidencia; no marcar como validado por estar publicado
P15B,B Sheets/P15B.doc,B,Mapeo preliminar; pendiente de contraste y edición,,,,,,Completar con evidencia; no marcar como validado por estar publicado
P16B,B Sheets/P16B.doc,B,Mapeo preliminar; pendiente de contraste y edición,,,,,,Completar con evidencia; no marcar como validado por estar publicado
P17B,B Sheets/P17B.doc,B,Mapeo preliminar; pendiente de contraste y edición,,,,,,Completar con evidencia; no marcar como validado por estar publicado
P18B,B Sheets/P18B.doc,B,Mapeo preliminar; pendiente de contraste y edición,,,,,,Completar con evidencia; no marcar como validado por estar publicado
P19B,B Sheets/P19B.doc,B,Mapeo preliminar; pendiente de contraste y edición,,,,,,Completar con evidencia; no marcar como validado por estar publicado
T04B,B Sheets/T04B.doc,B,Mapeo preliminar; pendiente de contraste y edición,,,,,,Completar con evidencia; no marcar como validado por estar publicado
T06B,B Sheets/T06B.doc,B,Mapeo preliminar; pendiente de contraste y edición,,,,,,Completar con evidencia; no marcar como validado por estar publicado
T11B,B Sheets/T11B.doc,B,Mapeo preliminar; pendiente de contraste y edición,,,,,,Completar con evidencia; no marcar como validado por estar publicado
T12B,B Sheets/T12B.doc,B,Mapeo preliminar; pendiente de contraste y edición,,,,,,Completar con evidencia; no marcar como validado por estar publicado
E13C,C Sheets/E13C.doc,C,Mapeo preliminar; pendiente de contraste y edición,,,,,,Completar con evidencia; no marcar como validado por estar publicado
H02C,C Sheets/H02C.doc,C,Mapeo preliminar; pendiente de contraste y edición,,,,,,Completar con evidencia; no marcar como validado por estar publicado
H03C,C Sheets/H03C.doc,C,Mapeo preliminar; pendiente de contraste y edición,,,,,,Completar con evidencia; no marcar como validado por estar publicado
H20C,C Sheets/H20C.doc,C,Mapeo preliminar; pendiente de contraste y edición,,,,,,Completar con evidencia; no marcar como validado por estar publicado
H21C,C Sheets/H21C.doc,C,Mapeo preliminar; pendiente de contraste y edición,,,,,,Completar con evidencia; no marcar como validado por estar publicado
I21C,C Sheets/I21C.doc,C,Mapeo preliminar; pendiente de contraste y edición,,,,,,Completar con evidencia; no marcar como validado por estar publicado
I28C,C Sheets/I28C.doc,C,Mapeo preliminar; pendiente de contraste y edición,,,,,,Completar con evidencia; no marcar como validado por estar publicado
I29C,C Sheets/I29C.doc,C,Mapeo preliminar; pendiente de contraste y edición,,,,,,Completar con evidencia; no marcar como validado por estar publicado
I30C,C Sheets/I30C.doc,C,Mapeo preliminar; pendiente de contraste y edición,,,,,,Completar con evidencia; no marcar como validado por estar publicado
I31C,C Sheets/I31C.doc,C,Mapeo preliminar; pendiente de contraste y edición,,,,,,Completar con evidencia; no marcar como validado por estar publicado
I33C,C Sheets/I33C.doc,C,Mapeo preliminar; pendiente de contraste y edición,,,,,,Completar con evidencia; no marcar como validado por estar publicado
I45C,C Sheets/I45C.doc,C,Mapeo preliminar; pendiente de contraste y edición,,,,,,Completar con evidencia; no marcar como validado por estar publicado
L05C,C Sheets/L05C.doc,C,Mapeo preliminar; pendiente de contraste y edición,,,,,,Completar con evidencia; no marcar como validado por estar publicado
L08C,C Sheets/L08C.doc,C,Mapeo preliminar; pendiente de contraste y edición,,,,,,Completar con evidencia; no marcar como validado por estar publicado
M01C,C Sheets/M01C.doc,C,Mapeo preliminar; pendiente de contraste y edición,,,,,,Completar con evidencia; no marcar como validado por estar publicado
M09C,C Sheets/M09C.doc,C,Mapeo preliminar; pendiente de contraste y edición,,,,,,Completar con evidencia; no marcar como validado por estar publicado
M10C,C Sheets/M10C.doc,C,Mapeo preliminar; pendiente de contraste y edición,,,,,,Completar con evidencia; no marcar como validado por estar publicado
M11C,C Sheets/M11C.doc,C,Mapeo preliminar; pendiente de contraste y edición,,,,,,Completar con evidencia; no marcar como validado por estar publicado
M12C,C Sheets/M12C.doc,C,Mapeo preliminar; pendiente de contraste y edición,,,,,,Completar con evidencia; no marcar como validado por estar publicado
M13C,C Sheets/M13C.doc,C,Mapeo preliminar; pendiente de contraste y edición,,,,,,Completar con evidencia; no marcar como validado por estar publicado
M17C,C Sheets/M17C.doc,C,Mapeo preliminar; pendiente de contraste y edición,,,,,,Completar con evidencia; no marcar como validado por estar publicado
M18C,C Sheets/M18C.doc,C,Mapeo preliminar; pendiente de contraste y edición,,,,,,Completar con evidencia; no marcar como validado por estar publicado
M22C,C Sheets/M22C.doc,C,Mapeo preliminar; pendiente de contraste y edición,,,,,,Completar con evidencia; no marcar como validado por estar publicado
M23C,C Sheets/M23C.doc,C,Mapeo preliminar; pendiente de contraste y edición,,,,,,Completar con evidencia; no marcar como validado por estar publicado
M26C,C Sheets/M26C.doc,C,Mapeo preliminar; pendiente de contraste y edición,,,,,,Completar con evidencia; no marcar como validado por estar publicado
M27C,C Sheets/M27C.doc,C,Mapeo preliminar; pendiente de contraste y edición,,,,,,Completar con evidencia; no marcar como validado por estar publicado
M36C,C Sheets/M36C.doc,C,Mapeo preliminar; pendiente de contraste y edición,,,,,,Completar con evidencia; no marcar como validado por estar publicado
M43C,C Sheets/M43C.doc,C,Mapeo preliminar; pendiente de contraste y edición,,,,,,Completar con evidencia; no marcar como validado por estar publicado
M50C,C Sheets/M50C.doc,C,Mapeo preliminar; pendiente de contraste y edición,,,,,,Completar con evidencia; no marcar como validado por estar publicado
M51C,C Sheets/M51C.doc,C,Mapeo preliminar; pendiente de contraste y edición,,,,,,Completar con evidencia; no marcar como validado por estar publicado
M52C,C Sheets/M52C.doc,C,Mapeo preliminar; pendiente de contraste y edición,,,,,,Completar con evidencia; no marcar como validado por estar publicado
M53C,C Sheets/M53C.doc,C,Mapeo preliminar; pendiente de contraste y edición,,,,,,Completar con evidencia; no marcar como validado por estar publicado
M54C,C Sheets/M54C.doc,C,Mapeo preliminar; pendiente de contraste y edición,,,,,,Completar con evidencia; no marcar como validado por estar publicado
M55C,C Sheets/M55C.doc,C,Mapeo preliminar; pendiente de contraste y edición,,,,,,Completar con evidencia; no marcar como validado por estar publicado
M59C,C Sheets/M59C.doc,C,Mapeo preliminar; pendiente de contraste y edición,,,,,,Completar con evidencia; no marcar como validado por estar publicado
M65C,C Sheets/M65C.doc,C,Mapeo preliminar; pendiente de contraste y edición,,,,,,Completar con evidencia; no marcar como validado por estar publicado
P15C,C Sheets/P15C.doc,C,Mapeo preliminar; pendiente de contraste y edición,,,,,,Completar con evidencia; no marcar como validado por estar publicado
P21C,C Sheets/P21C.doc,C,Mapeo preliminar; pendiente de contraste y edición,,,,,,Completar con evidencia; no marcar como validado por estar publicado
T01C,C Sheets/T01C.doc,C,Mapeo preliminar; pendiente de contraste y edición,,,,,,Completar con evidencia; no marcar como validado por estar publicado
T04C,C Sheets/T04C.doc,C,Mapeo preliminar; pendiente de contraste y edición,,,,,,Completar con evidencia; no marcar como validado por estar publicado
T05C,C Sheets/T05C.doc,C,Mapeo preliminar; pendiente de contraste y edición,,,,,,Completar con evidencia; no marcar como validado por estar publicado
T06C,C Sheets/T06C.doc,C,Mapeo preliminar; pendiente de contraste y edición,,,,,,Completar con evidencia; no marcar como validado por estar publicado
T09C,C Sheets/T09C.doc,C,Mapeo preliminar; pendiente de contraste y edición,,,,,,Completar con evidencia; no marcar como validado por estar publicado
T10C,C Sheets/T10C.doc,C,Mapeo preliminar; pendiente de contraste y edición,,,,,,Completar con evidencia; no marcar como validado por estar publicado
T13C,C Sheets/T13C.doc,C,Mapeo preliminar; pendiente de contraste y edición,,,,,,Completar con evidencia; no marcar como validado por estar publicado
T14C,C Sheets/T14C.doc,C,Mapeo preliminar; pendiente de contraste y edición,,,,,,Completar con evidencia; no marcar como validado por estar publicado
