codigo,familia,tablas_cuerpo,campos_datos,items_chequeo,items_con_valor,tablas_matriz,equipo_prueba,nota_condicional,db_version,db_items,db_checkbox,db_otros,atencion,matriz_cabeceras,ejemplos_valor,tablas_sin_clasificar,otras_cabeceras
E01A,D,2,8,20,3,0,,,1,32,3,"measurement:7, number:3, text:4, yes_no:15",8 campos de datos; 3 ítems con valor,,8.0 Glands - Earth bonding  is correct and tested;     max 0.1 Ohm to grou || 10.0 Cores - Prior to termination - test and record insulation resistance v || 10.0a Acceptable limits:   25 megohms  minimum                              ,0,
E02A,DM,6,5,15,4,1,,sí,1,41,12,"measurement:20, number:3, text:6",1 matriz; 5 campos de datos; 4 ítems con valor; 1 tabla(s) sin clasificar,HI-POT TESTING – Leakage Current | Time Tiempo | Voltage | Leakage on Phase A Corriente fuga en fase A | Leakage on Phase B Corriente fuga en fase B | Leakage o,1.0 Continuity test on drum. Prueba de continuidad de los conductores || 11.0 Insulation Resistance test / Megger test. Record insulation resistance || 13.0 Record resistance of gland body to ground. Maximum 0.1Ω. Registrar la ,1,Final Testing
E03A,D,2,2,29,0,0,,,1,32,29,text:3,2 campos de datos,,,0,
E03B,DM,5,24,17,9,1,sí,,1,64,58,"select:1, text:5",1 matriz; 24 campos de datos; 9 ítems con valor; 1 tabla(s) sin clasificar,Minutes Minutos | Time (Actual) Tiempo (Actual) | Time Duration Tiempo de duración | Load  (%) Carga | Output (KW) Salida | Volt (V) Voltaje | Current (A) Corri,2.0 Shorting Rotating Diodes before following Tests are performed: Cortoci || 3.0 Alternator Test Results (Insulation Voltage):  Resultados prueba Alter || 3.1 Winding IR ( min 150 M ) Resistencia de Aislamiento (IR) del Bobinado ,1,Load Test Log Sheet:
E03BV,M,2,0,0,0,1,,,1,7,7,,en la base es solo casillas; 1 matriz; 1 tabla(s) sin clasificar; sin lista de chequeo reconocible,Tag No. | Tag Description | Check Sheet No. | Check Sheet Description | Protocol Test No.,,1,SUB-SYSTEM No
E04A,D,2,17,12,1,0,,,1,34,8,"measurement:4, number:9, text:13",17 campos de datos; 1 ítems con valor,,9.0 Measure insulation resistance with a Megohmeter at nominal tap positio,0,
E04B,D,3,11,13,3,0,sí,,1,43,43,,en la base es solo casillas; 11 campos de datos; 3 ítems con valor,,5.0 Remove Neutral and Grounding connection and perform Insulation resista || 7.0 Check the condition of grounding neutral connection and perform Contin || 13.0 Complete soaking time according to vendor instruction and confirm Site,0,
E04BV,M,2,0,0,0,1,,,1,7,7,,en la base es solo casillas; 1 matriz; sin lista de chequeo reconocible,Tag No. | Tag Description | Highest Rated Power | Voltage Level | Serial No. | Protocol Test No.,,0,
E05A,D,2,10,7,0,0,,,1,17,17,,en la base es solo casillas; 10 campos de datos,,,0,
E05B,DM,5,9,8,1,1,sí,,1,31,31,,en la base es solo casillas; 1 matriz; 9 campos de datos; 1 ítems con valor; 1 tabla(s) sin clasificar,Phase Fase | R | S | T | Primary Current Corriente  Primaria,5.0 Insulation Resistance Test: Prueba de Resistencia de Aislamiento:  Sec,1,"8.0 | Ratio Test (to be combined With Relay Testing, If Required) Prueba de Relación de Transformación (para ser combina"
E05BV,M,1,0,0,0,1,,,1,4,4,,en la base es solo casillas; 1 matriz; sin lista de chequeo reconocible,Tag No. | Cubicle No. | Ratio | Protocol Test No.,,0,
E06A,D,2,10,11,0,0,,,1,21,21,,en la base es solo casillas; 10 campos de datos,,,0,
E06B,D,2,10,29,11,0,,sí,1,40,40,,en la base es solo casillas; 10 campos de datos; 11 ítems con valor,,7.0 Insulation Resistance Tests: Pruebas de Resistencia de Aislamiento: || 7.1 Secondary Wiring at 500V DC:                                    MΩ Ais || 7.2 Secondary Wiring to (Primary Winding Earthed) at 500V DC: Devanado sec,0,
E06BV,M,1,0,0,0,1,,,1,5,5,,en la base es solo casillas; 1 matriz; sin lista de chequeo reconocible,Tag No. | Voltage Transformer PRI | Ratio | Cubicle No. | Protocol Test No.,,0,
E07A,D,2,8,22,4,0,,sí,1,31,31,,en la base es solo casillas; 8 campos de datos; 4 ítems con valor,,5.0 Record vendor data of all CT's fitted on E32A Registrar los datos del  || 6.0 Record vendor data of all VT's fitted on E33A Registrar  los datos el  || 15.0 Confirm all protection and metering relays have been installed as per ,0,
E07B,D,3,6,20,2,0,sí,,1,39,39,,en la base es solo casillas; 6 campos de datos; 2 ítems con valor,,19.0 Insulation Resistance Tests - Bus-bar system. Prueba de Resistencia de || 20.0 Hi-Pot Tests - Bus bar system (Only for 38 KV Switchgear) Pruebas Hi-P,0,
E08A,D,2,6,25,1,0,,,1,33,33,,en la base es solo casillas; 6 campos de datos; 1 ítems con valor,,19.0 Perform Ducter tests across all accessible bolted bus joints. Record r,0,
E09A,D,2,6,24,1,0,,,1,32,32,,en la base es solo casillas; 6 campos de datos; 1 ítems con valor,,19.0 Perform Ducter tests across all accessible bolted bus joints. Record r,0,
E10A,DM,3,6,19,1,1,,,1,27,27,,en la base es solo casillas; 1 matriz; 6 campos de datos; 1 ítems con valor,R-Y | Y-B | B-E | R-B | Y-N | N-E,"7.0 Prior to termination of circuits to panel, perform insulation resistan",0,
E10B,DM,5,5,19,4,2,sí,,1,58,58,,en la base es solo casillas; 2 matriz; 5 campos de datos; 4 ítems con valor,Receptacle Circuit number | Verify Tag number label is correct | Insulation Resistance to Earth [MΩ] | Polarity | Verify Voltage level [V] | Verify fuse/MCB acc || Lighting Circuit number | Verify Tag number label is correct | Insulation Re,10.0 Perform point to point test):  Realizar prueba de continuidad en el ta || 14.0 Using a clip-on ammeter record full load current. Utilizando una pinza || 17.0 Remove Neutral and Grounding connection and perform Insulation resista,0,
E11A,C,4,0,10,0,0,,,1,18,18,,2 tabla(s) sin clasificar; conteo distinto: original 10 / base 18,,,2,Distribution board Ref: Referencia del tablero de distribución | Circuit Ref: Referencia de circuito || Tag No. | Description
E11B,M,4,0,5,5,1,sí,,1,32,32,,en la base es solo casillas; 1 matriz; 5 ítems con valor; 1 tabla(s) sin clasificar,Hazardous Area Classification: Clasificación de área peligrosa: | Rated Voltage:                                                     Volts Voltaje: | Rated Curr,1.0 Check and record insulation resistance of circuit to earth (Use 250 Vo || 2.0 Check and record voltage at end of circuit:  Verificar y registrar niv || 3.0 Check and record circuit current:  Verificar y registrar corriente del,1,CIRCUIT DEVICES DETAILS: DETALLES DE LOS DISPOSITIVOS DE LOS CIRCUITOS:
E12A,D,3,17,19,0,0,,,1,39,39,,en la base es solo casillas; 17 campos de datos; 1 tabla(s) sin clasificar,,,1,List of components in the circuit
E13A,C+V,2,0,31,7,0,,sí,1,36,36,,en la base es solo casillas; 7 ítems con valor; 1 tabla(s) sin clasificar,,"6.0 Disconnect motor and heater, check insulation resistance Desconectar e ||  < 1 KV ||  < 4.6 KV",1,Distribution board Ref: Referencia del tablero de distribución | Circuit Ref: Referencia de circuito
E13B,DM,4,18,25,8,1,sí,,1,78,78,,en la base es solo casillas; 1 matriz; 18 campos de datos; 8 ítems con valor,Time (Minutes) Tiempo (Minutos) | 0 | 5 | 10 | 20 | 30 | 60 | 90,9.0 Perform continuity Test on both control wiring remote and local contro || 10.0 Test and record Motor Insulation Resistance (phase to earth). Prueba y || 12.0 Test insulation resistance of space heaters. Prueba de Resistencia de ,0,
E13C,D,4,20,13,3,0,sí,,1,91,91,,en la base es solo casillas; 20 campos de datos; 3 ítems con valor,,6.0 Test and record Motor Insulation Resistance (phase to earth). Prueba y || 12.0 Perform load run test for a minimum period until temperature readings  || 13.0 Check and record vibration parameters on the motor (fan and coupled si,0,
E14-1B,DM,4,5,11,5,1,sí,,1,46,46,,en la base es solo casillas; 1 matriz; 5 campos de datos; 5 ítems con valor,BATTERY BANK TEST RESULTS RESULTADOS DE PRUEBA BANCO DE BATERIAS | Battery Type: Tipo de Batería: | No. of Cells No. de Celdas: | Capacity: Capacidad:,"2.0 In accordance with the relevant Pre-Commissioning procedure, connect l || 3.0 Demonstrate automatic discharge test and record discharge current:     || 6.0 Record discharge current and cell voltages at regular intervals in the",0,
E14-2B,D,3,10,33,6,0,sí,,1,65,65,,en la base es solo casillas; 10 campos de datos; 6 ítems con valor,,"7.0 Perform IR tests on Main A/C Circuit Breakers (Note:- disconnect all e || 10.0 Energise Battery Charger, confirm output polarity and record the follo || 10.1 Float Charge Rate:                                                    ",0,
E14A,D,3,10,36,3,0,,sí,1,49,49,,en la base es solo casillas; 10 campos de datos; 3 ítems con valor,,9.0 Confirm cable protective measures (kick plates) are installed. Confirm || 11.0 Test earth continuity resistance from main earthing point to the final || 12.0 Ducter test across all tape joints. Record results in remarks  Maximum,0,
E15A,D,2,14,15,3,0,,,1,29,29,,en la base es solo casillas; 14 campos de datos; 3 ítems con valor,,1.12 Test continuity of heating element Prueba de continuidad del elemento  || 1.13 Test and record earth tape continuity to JB.  Max. 0.01 ohms Probar y  || 1.14 Measure insulation resistance:   Medida de resistencia de aislamiento:,0,
E15B,DM,4,6,10,2,1,sí,sí,1,40,40,,en la base es solo casillas; 1 matriz; 6 campos de datos; 2 ítems con valor,MCB Rating Corriente nominal del MCB | RCCD Rating Corriente nominal de RCCD | Post cladding IR Resistencia de aislamiento  (IR) | Element Continuity Continuida,3.0 Test insulation resistance to earth. Heat trace cable only. Probar Res || 10.0 Connect RCCD tester at circuit extremities and confirm RCCD trip times,0,
E16A,D,2,6,15,2,0,,,1,21,21,,en la base es solo casillas; 6 campos de datos; 2 ítems con valor,,10.0 Perform and record insulation resistance of the Anti-Condensation Heat || 12.0 Perform and record insulation resistance of the Electric Heater by app,0,
E17A,D,2,9,13,2,0,,sí,1,23,23,,en la base es solo casillas; 9 campos de datos; 2 ítems con valor,,1.9 Disconnect all equipment which may be damaged and perform insulation r || 1.10 Where applicable perform and confirm continuity checks on windings. Re,0,
E17B,D,3,5,9,0,0,sí,,1,27,27,,en la base es solo casillas; 5 campos de datos,,,0,
E18A,D,2,2,11,2,0,,,1,14,14,,en la base es solo casillas; 2 campos de datos; 2 ítems con valor,,7.0 Measure cold resistance of resistor between neutral terminal and groun || 8.0 Perform and record insulation resistance between terminals & ground fo,0,
E18B,D,3,7,12,9,0,sí,,1,32,32,,en la base es solo casillas; 7 campos de datos; 9 ítems con valor,,3.0 Check insulation resistance of resistor. Verificar la resistencia de a || 4.0 For reactors of earthing systems check insulation resistance of second || 6.0 Check and record resistance from star point connection to  Earth: Veri,0,
E19A,D,4,9,26,4,0,,sí,1,40,40,,en la base es solo casillas; 9 campos de datos; 4 ítems con valor; 1 tabla(s) sin clasificar,,10.0 Perform insulation resistance tests on anti cond. Heater. Minimum 10 M || 9.0 Confirm cable protective measures (kick plates) are installed Confirma || 11.0 Test earth continuity resistance from main earthing point to the final,1,WIRING CHECKS
E20A,D,2,8,17,1,0,,,1,27,27,,en la base es solo casillas; 8 campos de datos; 1 ítems con valor,,15.0 Perform wiring continuity checks and confirm wiring diagram. Realizar ,0,
E20B,D,4,10,24,2,0,sí,,1,62,62,,en la base es solo casillas; 10 campos de datos; 2 ítems con valor,,1.0 Current Transformers: Transformadores de corriente: || 2.4 Perform Insulation resistance test at 1 kV on VT windings (min value 1,0,
E20BV,M,1,0,0,0,1,,,1,4,4,,en la base es solo casillas; 1 matriz; sin lista de chequeo reconocible,Tag No. | Relay Type | Cubicle No. | Protocol Test No.,,0,
E21A,D,2,5,9,0,0,,,1,14,14,,en la base es solo casillas; 5 campos de datos,,,0,
E21B,D,3,4,17,4,0,sí,,1,35,35,,en la base es solo casillas; 4 campos de datos; 4 ítems con valor,,"8.0 Perform Automatic Commutating Operations at decreased and nominal volt ||  Turn on: Encendido:  Turn on and turn off: Encendido y Apagado: Turn o || 9.0 Perform insulation-resistance tests for one minute on each pole, phase",0,
E21BV,M,1,0,0,0,1,,,1,4,4,,en la base es solo casillas; 1 matriz; sin lista de chequeo reconocible,Tag No. | Cubicle No. | Load Description | Protocol Test No.,,0,
E22A,DM,5,3,11,3,1,,,1,20,20,,en la base es solo casillas; 1 matriz; 3 campos de datos; 3 ítems con valor,Distance D (C2) | Distance D (C2) | Distance D (C2) | Ground System Test Well No | Distance  P2 (62%D),"8.0 Witness and record ground resistance test results, according to the pr || 9.0 Witness and record ground resistance results of equipment taps (tails) || 10.0 Perform continuity test of ground loops. Realizar pruebas de continuid",0,
E22B,D,3,2,8,1,0,sí,,1,19,19,,en la base es solo casillas; 2 campos de datos; 1 ítems con valor,,4.0 Check and record the value of the grounding system resistance. Indicat,0,
E23A,D,2,11,15,1,0,,,1,30,30,,en la base es solo casillas; 11 campos de datos; 1 ítems con valor,,10.0 Perform Insulation Resistance test on motor and record results Realiza,0,
E24A,D,2,6,14,1,0,,,1,22,22,,en la base es solo casillas; 6 campos de datos; 1 ítems con valor,,10.0 Perform insulation resistance tests on anti cond. Heater. Minimum 10 M,0,
E25A,D,2,6,10,0,0,,,1,16,16,,en la base es solo casillas; 6 campos de datos,,,0,
E26A,DM,6,8,16,2,2,sí,sí,1,43,43,,en la base es solo casillas; 2 matriz; 8 campos de datos; 2 ítems con valor,1.12a | Torque bus connections as per manufacturer's recommendations and record the Torque Readings in the Table below  Conexiones de torsión de los colectores  || Ducter Test Record | PHASE A | PHASE B | PHASE C | NEUTRAL | EARTH,1.8 Megger (phase to phase and phase to ground) bus and record readings in || 1.10b Insulation Resistance Test (Megohm) for Space Heater Circuits Resisten,0,
E27A,D,2,7,14,0,0,,,1,21,21,,en la base es solo casillas; 7 campos de datos,,,0,
E28A,D,2,2,4,0,0,,,1,6,6,,en la base es solo casillas; 2 campos de datos,,,0,
E29A,M,2,0,0,0,1,,,1,26,26,,en la base es solo casillas; 1 matriz; 1 tabla(s) sin clasificar; sin lista de chequeo reconocible,Time Tiempo | Leakage Current (uA) On Phase A Corriente fuga en la fase A | Leakage Current (uA On Phase B Corriente fuga en la fase B | Leakage Current (uA) On,,1,Cable Drum No (No de tambor de cables)
E30A,D,2,3,22,2,0,,sí,1,26,26,,en la base es solo casillas; 3 campos de datos; 2 ítems con valor,,17.0 Measure insulation resistance  Medir la Resistencia del aislamiento || 21.0 AFTER CASTING: Measure insulation resistance Después de la vaciada(fun,0,
E31A,D,2,3,19,5,0,,,1,24,24,,en la base es solo casillas; 3 campos de datos; 5 ítems con valor,,13.0 Perform Resistance check of the transformer primary and secondary wind ||  RESISTANCE (MΩ) || 14.0 Perform Insulation Resistance Test (megger) of transformer primary and,0,
E32A,M,2,0,0,0,1,,,1,13,13,,en la base es solo casillas; 1 matriz; 1 tabla(s) sin clasificar; sin lista de chequeo reconocible,CALCULATED RATIO | MEASURED RATIO | Secondary Tap Positions | Line (HV) Volts | Phase (LV) Volts | r(TTR),,1,Manufacturer: Fabricante | Model No.: No de modelo
E33A,D,1,5,0,0,0,,,1,24,24,,en la base es solo casillas; 5 campos de datos; sin lista de chequeo reconocible,,,0,
E34A,C,2,0,5,0,0,,,1,10,10,,1 tabla(s) sin clasificar; conteo distinto: original 5 / base 10,,,1,INFORMATION AND INSPECTION
E34B,D,3,5,8,1,0,sí,,1,26,26,,en la base es solo casillas; 5 campos de datos; 1 ítems con valor,,"5.0 For 240V circuits, connect RCCD tester at each socket and confirm RCCD",0,
E35A,C+V,2,0,20,4,0,sí,,1,53,53,,en la base es solo casillas; 4 ítems con valor,,2.0 ANODE CONTINUITY CHECK PRIOR TO INSTALLTION VERIFICAR LA CONTINUIDAD D || 2.1 Anode No.: Ánodo No.: || 2.3 Anode bed Type: Tipo cama de Ánodo:,0,
E36A,M,2,0,37,2,1,,,1,48,48,,en la base es solo casillas; 1 matriz; 2 ítems con valor,Manufacturer: Fabricante: | Type: Tipo: | Serial No: No. Serie: | Rating:                                  Amps Valoración: | Gas Group: Grupo de gas: | Tempera,1.0 Confirm Area Classification: Confirmar la clasificación del área: || 24.0 Test and record earth loop path details and ensure earthing is in comp,0,
E37A,D,4,12,16,2,0,,,1,133,133,,en la base es solo casillas; 12 campos de datos; 2 ítems con valor; 2 tabla(s) sin clasificar,,8.0 Glands - Earth bonding  is correct and tested;     max 0.1 Ohm to grou || 10.0 Cores - Prior to termination - test and record insulation resistance v,2,Insulation resistance testing – check each core –Records in MΩ. Acceptable minimum: 25 Ω.  Test with 500V. Pruebas de Re || 1-2 | 1-3 | 1-4 | 1-5 | 1-6 | 1-7
E38A,DM,3,6,8,3,1,,,1,18,18,,en la base es solo casillas; 1 matriz; 6 campos de datos; 3 ítems con valor,Color-Cable | Yellow Amarillo | Blue Azul | Red Rojo | Orange Naranja | Brown Café | White Blanco | Green Verde,3.0 Verify a point-to-point continuity check has been made for the core be || 6.1 Test and record insulation resistance Probar y registrar la Resistenci || 6.2 Voltage Test:                         Time:                           ,0,
E39A,C,1,0,15,0,0,,,1,15,15,,,,,0,
E40A,C,1,0,8,0,0,,,1,8,8,,,,,0,
E41A,C,3,0,11,0,0,,,1,19,19,,2 tabla(s) sin clasificar; conteo distinto: original 11 / base 19,,,2,INFORMATION AND INSPECTION || List of components in the circuit
E41B,D,3,4,26,5,0,sí,,1,43,43,,en la base es solo casillas; 4 campos de datos; 5 ítems con valor,,4.0 Confirm output voltage is according to the Specifications and record o || 5.0 Confirm neutral and earth connection (where specified) are properly co || 6.0 Test and record insulation resistance. Phases to earth. Verificar y re,0,
E42-1B,D,3,4,10,2,0,sí,,1,27,27,,en la base es solo casillas; 4 campos de datos; 2 ítems con valor,,"3.0 Perform the simulation by IED in DNP 3.0 of the output and input analo || 4.0 Through IED in RTU Modbus (Siemens), perform the simulation of the out",0,
E47B,D,3,6,11,1,0,sí,,1,26,26,,en la base es solo casillas; 6 campos de datos; 1 ítems con valor,,9.0 Insulation Resistance Tests - Bus-bar system. Prueba de Resistencia de,0,
E48B,D,3,7,6,1,0,sí,,1,27,27,,en la base es solo casillas; 7 campos de datos; 1 ítems con valor,,6.0 INSULATION RESISTANCE TEST (IR) (PRIOR OPERATION) PRUEBA DE RESISTENCI,0,
E49BV,M,9,0,0,0,8,,,1,47,47,,en la base es solo casillas; 8 matriz; sin lista de chequeo reconocible,Tag No. | Tag Description | Check Sheet No. | Check Sheet Description | Voltage Level | Protocol Test No. || Tag No. | Tag Description | Check Sheet No. | Check Sheet Description | Voltage Level | Protocol Test No. || Tag No. | Tag Descript,,0,
E49BV-1,M,29,0,0,0,28,,,1,207,207,,en la base es solo casillas; 28 matriz; sin lista de chequeo reconocible,Tag No. | Serial | Type | Voltage Level [V] | Current [A] | Protocol Test No. || Tag No. | Relay Type | Serial | Check Sheet Description | Protocol Test No. Tag No. || Description | Manufacture | Serie | Last calibration date || Tag No. | S,,0,
E50B,D,3,10,17,6,0,sí,,1,40,40,,en la base es solo casillas; 10 campos de datos; 6 ítems con valor,,7.0 Perform continuity Test on both control wiring remote and local contro || 8.0 Test and record Heater Insulation Resistance (phase to earth). Prueba  || 9.0 Test and record Heater Resistance (phase to phase). Prueba y registro ,0,
E51B,D,3,4,33,5,0,sí,,1,50,50,,en la base es solo casillas; 4 campos de datos; 5 ítems con valor,,10.0 Perform the measurement of the insulation resistance of phases to grou ||  Test Voltage: ||  Remove Neutral and Grounding connection and perform Insulation resista,0,
E52BV,M,7,0,0,0,6,,,1,35,35,,en la base es solo casillas; 6 matriz; sin lista de chequeo reconocible,Tag No. | Tag Description | Check Sheet No. | Check Sheet Description | Voltage Level | Protocol Test No. || Tag No. | Tag Description | Check Sheet No. | Check Sheet Description | Voltage Level | Protocol Test No. || Tag No. | Tag Descript,,0,
E54B,D,3,18,18,6,0,sí,,1,49,49,,en la base es solo casillas; 18 campos de datos; 6 ítems con valor,,8.0 Perform continuity Test on both control wiring remote and local contro || 9.0 Check and record insulation resistance of circuit to earth (Use 500 Vo || 13.0 Confirm Winding Resistance Documentation is complete and available. Co,0,
H01A,C,1,0,14,0,0,,,1,14,14,,,,,0,
H02A,C,1,0,18,0,0,,sí,1,18,18,,,,,0,
H02B,C+V,1,0,18,2,0,,,1,18,18,,en la base es solo casillas; 2 ítems con valor,,12.0 Measured V Calculated Parameters || 13.0 Carry out and record any additional checks that may have been recommen,0,
H02C,C+V,1,0,18,2,0,,,1,18,18,,en la base es solo casillas; 2 ítems con valor,,12.0 Measured V Calculated Parameters Medida Para metros V Calculados || 13.0 Carry out and record any additional checks that may have been recommen,0,
H03A,C,1,0,12,0,0,,,1,12,12,,,,,0,
H03B,C+V,1,0,9,1,0,,,1,9,9,,en la base es solo casillas; 1 ítems con valor,,6.0 Record any additional checks that may have been performed or has been ,0,
H03C,C+V,1,0,8,1,0,,,1,8,8,,en la base es solo casillas; 1 ítems con valor,,5.0 Record any additional checks that may have been performed or has been ,0,
H04A,C,1,0,14,0,0,,,1,14,14,,,,,0,
H04B,C,1,0,4,0,0,,,1,4,4,,,,,0,
H05A,C,1,0,9,0,0,,,1,9,9,,,,,0,
H05B,C,1,0,9,0,0,,sí,1,9,9,,,,,0,
H06A,C,1,0,10,0,0,,,1,10,10,,,,,0,
H07A,C,1,0,13,0,0,,,1,13,13,,,,,0,
H08A,C,1,0,15,0,0,,,1,15,15,,,,,0,
H09A,C,1,0,7,0,0,,,1,7,7,,,,,0,
H10A,C,1,0,17,0,0,,,1,17,17,,,,,0,
H11A,C,1,0,5,0,0,,,1,5,5,,,,,0,
H12A,C,1,0,12,0,0,,,1,12,12,,,,,0,
H13A,C,1,0,16,0,0,,,1,16,16,,,,,0,
H14A,C,1,0,10,0,0,,,1,10,10,,,,,0,
H15A,C,1,0,17,0,0,,,1,17,17,,,,,0,
H15B,M,1,0,0,0,1,,,1,8,8,,en la base es solo casillas; 1 matriz; sin lista de chequeo reconocible,Area / Room Description Área / Descripción  recinto | Temperature / Humidity Measurements Medidas de Temperatura / Humedad | Design (see Data Sheets) Valores de,,0,
H16A,C+V,1,0,19,16,0,,,1,19,19,,en la base es solo casillas; 16 ítems con valor,,1.0 Ductwork Details: Detalle del conducto: || 1.1 Length: Longitud: || 1.2 Width / Depth / Diameter : Ancho / Profundidad / Diámetro:,0,
H17B,C+V,1,0,11,2,0,,,1,11,11,,en la base es solo casillas; 2 ítems con valor,,"3.0 Check the following for the Mist Eliminator: Verificar lo siguiente pa || 6.0 Check pressure loss conformance to design values, measure and record p",0,
H18B,M,1,0,0,0,1,,,1,13,13,,en la base es solo casillas; 1 matriz; sin lista de chequeo reconocible,Module/Area/ Location Modulo/Área/Ubicación | PDIT Tag No. | Supply Fan No. Ventilador de Suministro No. | Extract Fan No. Ventilador de extracción No. | Module,,0,
H20C,M,1,0,0,0,1,,,1,8,8,,en la base es solo casillas; 1 matriz; sin lista de chequeo reconocible,Area / Room Description Área / Sala Descripción | Temperature / Humidity Measurements Mediciones de Temperatura / Humedad | Design (see Data Sheets) Diseño (ver,,0,
H21C,C,1,0,16,0,0,,,1,16,16,,,,,0,
H50b,C,2,0,17,0,0,sí,,,,,,sin plantilla activa en la base,,,0,
I01A,D,3,8,9,1,0,sí,,2,28,0,"continuity:1, date:1, number:4, select:8, text:14",8 campos de datos; 1 ítems con valor,,"5.0 Continuity Check. (Test each conductor, inc shield) Revisión de contin",0,
I02A,C+V,2,0,6,1,0,,sí,1,11,11,,en la base es solo casillas; 1 ítems con valor; 1 tabla(s) sin clasificar,,1.0 Check upstream face of the plate tab contains the following markings: ,1,"For measurements check, use calipers  Para la prueba de mediciones, usar calibradores"
I03A,D,2,9,8,0,0,sí,,1,31,31,,en la base es solo casillas; 9 campos de datos,,,0,
I03B,C,1,0,5,0,0,,,1,5,5,,,,,0,
I04A,C,1,0,8,0,0,,,2,11,0,"date:1, select:8, text:2",,,,0,
I04B,C,1,0,7,0,0,,,1,7,7,,,,,0,
I05A,M,2,0,10,0,1,,sí,1,52,9,"measurement:9, number:25, select:3, text:4, yes_no:2",1 matriz,CALIBRATION CHECK | Input Entrada,,0,
I06A,C,1,0,17,0,0,,,2,19,0,"select:17, text:2",,,,0,
I07A,C+V,1,0,17,1,0,,,1,17,17,,en la base es solo casillas; 1 ítems con valor,,17.0 Check record earth bar resistance to general earth. Revisar el registr,0,
I08A,C,1,0,6,0,0,,,1,6,6,,,,,0,
I09A,C,1,0,11,0,0,sí,,1,23,23,,conteo distinto: original 11 / base 23,,,0,
I10A,DM,4,9,8,0,1,sí,,2,117,0,"date:3, measurement:31, number:13, select:31, text:39",1 matriz; 9 campos de datos,CALIBRATION CHECK | Input Entrada,,0,
I11A,DM,3,7,37,21,1,,,1,66,66,,en la base es solo casillas; 1 matriz; 7 campos de datos; 21 ítems con valor,CALIBRATION CHECK | Input Entrada,7.1 Electrical certification correct: Certificación eléctrica correcta: || 7.2 Electrical connections correct: Conexiones eléctricas correctas: || 8.1 Voltage: Voltaje:,0,
I11B,C,4,0,7,0,0,,,1,26,26,,3 tabla(s) sin clasificar; conteo distinto: original 7 / base 26,,,3,CALIBRATION EQUIPMENTS EQUIPOS DE CALIBRACION || OPERATION TEST PRUEBA DE OPERACION || ANCILLIARIES TEST PRUEBA DE ACCESORIOS
I12A,C,1,0,10,0,0,,,1,10,10,,,,,0,
I12B,C,1,0,21,0,0,,,1,21,21,,,,,0,
I14A,D,2,2,11,0,0,,,1,13,13,,en la base es solo casillas; 2 campos de datos,,,0,
I14B,C,1,0,7,0,0,,,1,7,7,,,,,0,
I15A,D,2,2,15,1,0,,,1,17,17,,en la base es solo casillas; 2 campos de datos; 1 ítems con valor,,"8.0 After Testing and Flushing is Complete, Check the following: Luego que",0,
I16A,C,1,0,7,0,0,,,1,7,7,,,,,0,
I17A,C+V,1,0,6,3,0,,,1,6,6,,en la base es solo casillas; 3 ítems con valor,,1.0 Component being Installed: Componentes a Instalar:  Thermowell  Termop || 2.0 Thermowell details: Detalles del Termopozo:  Length as per data sheet: || 4.0 Other : _________________ Otro:,0,
I18A,C,1,0,3,0,0,,,1,3,3,,,,,0,
I21C,C,1,0,6,0,0,,,1,20,20,,conteo distinto: original 6 / base 20,,,0,
I26B,C,2,0,7,0,0,sí,,1,27,27,,conteo distinto: original 7 / base 27,,,0,
I27B,M,2,0,8,0,1,sí,,1,28,28,,en la base es solo casillas; 1 matriz,8.0 | INSPECTION OF SETTING AND OPERATION  VERIFICACION DE AJUSTES Y OPERACION | Switch Tag No. Tag Interruptor | Switch Contacts Contactos | Setting  Ajuste | ,,0,
I28C,D,3,2,7,1,0,sí,,1,32,32,,en la base es solo casillas; 2 campos de datos; 1 ítems con valor,,7.0 Verify Alarm Record and Text. Verificar registro de alarma y texto.,0,
I29C,M,3,0,6,1,1,sí,,1,82,82,,en la base es solo casillas; 1 matriz; 1 ítems con valor,Componente (Tag) | Tipo | Alistamiento | Configuración de Parámetros | Gráficos | Prueba de Funcionamiento | Tuning | Operación,1.0 For each component in the Loop verify and register: Por cada dispositi,0,
I30C,D,2,5,4,1,0,,,1,15,15,,en la base es solo casillas; 5 campos de datos; 1 ítems con valor,,"2.0 According with the cause-effect diagram, simulate or force the trip va",0,
I31C,C+V,1,0,9,1,0,,,1,9,9,,en la base es solo casillas; 1 ítems con valor,,8.0 Record any additional checks that may have been performed as requested,0,
I33C,C+V,2,0,13,7,0,sí,,1,28,28,,en la base es solo casillas; 7 ítems con valor,,1.0 Input Range: || 2.0 Indication Range: || 3.0 Calibration Check:,0,
I34B,C,2,0,8,0,0,sí,,1,31,31,,1 tabla(s) sin clasificar; conteo distinto: original 8 / base 31,,,1,OPERATION TEST PRUEBAS DE OPERACIÓN
I42B,M,2,0,8,0,1,sí,,1,26,26,,en la base es solo casillas; 1 matriz,OPERATION TEST PRUEBA DE OPERACIÓN | RANGE RANGO | ZEROCERO | SPAN LAPSO | UNITS UNIDADES,,0,
I43B,C+V,1,0,9,1,0,sí,,1,14,14,,en la base es solo casillas; 1 ítems con valor,,9.0 Record relevant data on the instrument nameplate Registrar datos relev,0,
I45C,C,1,0,9,0,0,,,1,9,9,,,,,0,
L01A,C,1,0,18,0,0,,,1,18,18,,,,,0,
L02A,C,1,0,16,0,0,,,1,16,16,,,,,0,
L03A,C,1,0,13,0,0,,,1,13,13,,,,,0,
L04A,C,1,0,20,0,0,,,1,20,20,,,,,0,
L04B,C,1,0,8,0,0,,,1,8,8,,,,,0,
L05A,DM,3,2,5,0,1,,,1,27,27,,en la base es solo casillas; 1 matriz; 2 campos de datos,Equipment Equipo | CO2 | Chemical Químico | Water Agua | AFFF | Dry Powder Trolley Mounted Polvo Seco cargado en un carrito | 1. Location correct Ubicación corr,,0,
L05C,C+V,1,0,9,1,0,,,1,9,9,,en la base es solo casillas; 1 ítems con valor,, Conduct tests for the Safety Shower & Eyebath systems  to confirm the ,0,
L06A,C,1,0,16,0,0,,,1,16,16,,,,,0,
L07A,C,1,0,10,0,0,,,1,10,10,,,,,0,
L08A,C,1,0,15,0,0,,,1,15,15,,,,,0,
L08B,C,1,0,9,0,0,,,1,9,9,,,,,0,
L08C,C,1,0,9,0,0,,,1,9,9,,,,,0,
L10B,C+V,1,0,8,1,0,,,1,8,8,,en la base es solo casillas; 1 ítems con valor,,7.0 Record any additional checks that may have been performed as requested,0,
M01A,C,1,0,8,0,0,,,1,8,8,,,,,0,
M01C,C+V,1,0,14,3,0,,sí,1,14,14,,en la base es solo casillas; 3 ítems con valor,,8.0 Prepare commissioning log in accordance with procedures. Preparar el r || 9.0 If item is rotating equipment unit: Si el ítem es una unidad de equipo || 11.0 Carry out and record any additional checks that may have been performe,0,
M02A,C+V,2,0,10,1,0,,,1,11,11,,en la base es solo casillas; 1 ítems con valor,,9.0 Check the freestanding alignments and record readings at Fig 1 below R,0,
M03A,C+V,1,0,12,1,0,,,1,12,12,,en la base es solo casillas; 1 ítems con valor,,5.0 Record mesh size of the Filter and confirm that the correct element is,0,
M03B,C+V,1,0,14,2,0,,,1,14,14,,en la base es solo casillas; 2 ítems con valor,,8.0 Inspect and record the following: Inspeccionar y registrar lo siguient || 11.0 Record any additional checks that may have been performed as requested,0,
M04A,C+V,1,0,9,1,0,,,1,9,9,,en la base es solo casillas; 1 ítems con valor,,4.0 Check bellows are within max/min expansion parameters and record :- Re,0,
M05A,C+V,1,0,7,1,0,,,1,7,7,,en la base es solo casillas; 1 ítems con valor,,7.0 Record if all gags have been removed (check with commissioning for tim,0,
M06A,C,1,0,16,0,0,,,1,16,16,,,,,0,
M06B,M,1,0,0,0,1,,,1,27,27,,en la base es solo casillas; 1 matriz; sin lista de chequeo reconocible,Note: This “Certificate of Vessel or Tank Inspection Closure” must be completed each time the above referenced Vessel or Tank Manway(s) or Manhole(s) are opened,,0,
M07A,C,1,0,20,0,0,,,1,20,20,,,,,0,
M07B,C+V,1,0,27,2,0,,,1,27,27,,en la base es solo casillas; 2 ítems con valor,,4.0 If there is not a signed A check sheet for the boxed-up of this vessel || 6.0 Record any additional checks that may have been performed. Registrar c,0,
M08A,C,1,0,16,0,0,,,1,16,16,,,,,0,
M09A,C,1,0,12,0,0,,,1,12,12,,,,,0,
M09B,C+V,1,0,11,1,0,,sí,1,11,11,,en la base es solo casillas; 1 ítems con valor,,3.0 Coordinate activities with Instrument & Electrical groups to verify th,0,
M09B-1,C+V,1,0,6,1,0,,sí,1,6,6,,en la base es solo casillas; 1 ítems con valor,,"2.0 After solo Run test Motor, Verify motor –pump coupling Alignment (Re- ",0,
M09B-2,C,1,0,21,0,0,,sí,1,21,21,,,,,0,
M09C,DM,4,11,24,4,1,,sí,1,147,147,,en la base es solo casillas; 1 matriz; 11 campos de datos; 4 ítems con valor,VIBRATION DATA DATOS DE VIBRACION | Start Time | 0 Mins | 15 Mins | 30 Mins | 45 Mins | 1 Hour | 1½ Hour,"5.0 Inspections during the pump start up. (Record in the Annex 1). Revisio || 5.1 Record static suction pressure (equipment out of service, suction valv || 5.2 During startup record discharge pressure with discharge valve closed (",0,
M10A,C+V,1,0,12,1,0,,,1,12,12,,en la base es solo casillas; 1 ítems con valor,,5.0 Ensure that the commissioning suction strainer has been correctly fitt,0,
M10B,C+V,1,0,23,2,0,,sí,1,23,23,,en la base es solo casillas; 2 ítems con valor,,12.0 Ensure that suction and discharge Pulsation Dampers are pre-charged to || 16.0 Record any additional checks that may have been performed as requested,0,
M10C,M,2,0,10,3,1,,,1,54,54,,en la base es solo casillas; 1 matriz; 3 ítems con valor,VIBRATION DATA | Start Time | 0 Mins | 15 Mins | 30 Mins | 45 Mins | 1 Hour | 1½ Hour,1.0 Coordinate activities with Instrument & Electrical groups to verify th || 4.0 Ensure that suction and discharge Pulsation Dampers have the required  || 6.0 Start the pump performance test and record vibration parameters. Inici,0,
M11A,C,1,0,6,0,0,,,1,6,6,,,,,0,
M11C,C+V,1,0,20,2,0,,sí,1,20,20,,en la base es solo casillas; 2 ítems con valor,,5.0 Coordinate activities with Instrument & Electrical groups to verify th || 15.0 Record any additional checks that may have been performed as requested,0,
M12A,C+V,2,0,12,4,0,,,1,18,18,,en la base es solo casillas; 4 ítems con valor,,"1.0 Check the manufacturer's tolerances for the coupling alignment and rec || 7.0 Check and record below the free length of the coupling spacer, and dis || 8.0 Record on Fig 1 below the distance between the coupling hub faces afte",0,
M12B,C+V,2,0,8,7,0,,,1,8,8,,en la base es solo casillas; 7 ítems con valor,,"1.0 Record the Alignment figures below in relevant sheet box. Registrar lo || 2.0 Following consultation with VENDOR on the as-found readings, if necess ||  Remove coupling spacer, to carry out the required readings as detailed",0,
M12C,C+V,2,0,8,7,0,,,1,8,8,,en la base es solo casillas; 7 ítems con valor,,"1.0 Record the Alignment figures below in relevant sheet box. || 2.0 Following consultation with Supplier on the as-found readings, if nece || 3.0 Remove coupling spacer, to carry out the required readings.  Note: Cou",0,
M13A,C,1,0,18,0,0,,,1,18,18,,,,,0,
M13B,C+V,1,0,10,1,0,,,,,,,1 ítems con valor; sin plantilla activa en la base,,6.0 Record any additional comments obtained on Pre-Commissioning activitie,0,
M13C,C+V,1,0,45,8,0,,,1,45,45,,en la base es solo casillas; 8 ítems con valor,,6.0 For Lubricating Oil System: || 6.1c Check cleanliness of sump and is filled with correct lube oil.  Record || 7.0 For Cooling System:,0,
M14A,C,1,0,12,0,0,,,1,12,12,,,,,0,
M14B,C+V,1,0,15,2,0,,,1,15,15,,en la base es solo casillas; 2 ítems con valor,,4.0 Remove any access plates / inspection hatch cover(s) and inspect and r || 9.0 Confirm the following: Confirmar lo siguiente:,0,
M15A,C,1,0,14,0,0,,,1,14,14,,,,,0,
M16A,C,1,0,12,0,0,,,1,12,12,,,,,0,
M17A,C,1,0,11,0,0,,,1,11,11,,,,,0,
M17C,C,1,0,8,0,0,,,1,8,8,,,,,0,
M18A,C+V,1,0,24,2,0,,,1,24,24,,en la base es solo casillas; 2 ítems con valor,,10.0 Axial float of Turbine verified and recorded Verificar y registrar el  || 11.0 Soft feet of Turbine verified and recorded Verificar y registrar el pa,0,
M18C,C,1,0,21,0,0,,,1,21,21,,,,,0,
M19A,C,1,0,5,0,0,,,1,5,5,,,,,0,
M20A,C,1,0,20,0,0,,,1,20,20,,,,,0,
M21A,C,1,0,14,0,0,,,1,14,14,,,,,0,
M21B,C,1,0,14,0,0,,,1,14,14,,,,,0,
M22A,C,1,0,14,0,0,,,1,15,15,,,,,0,
M22B,C+V,1,0,14,1,0,,,1,14,14,,en la base es solo casillas; 1 ítems con valor,,6.0 Carry out an unloaded test of the trolley hoist and check for the foll,0,
M22C,C+V,1,0,16,1,0,,,1,16,16,,en la base es solo casillas; 1 ítems con valor,,6.0 Carry out an unloaded test of the trolley hoist and check for the foll,0,
M23A,C,1,0,12,0,0,,,1,12,12,,,,,0,
M23B,C+V,1,0,25,1,0,,sí,1,25,25,,en la base es solo casillas; 1 ítems con valor,,8.0 Remove any access plate / inspection hatch covers and inspect and reco,0,
M23C,DM,4,10,16,2,1,,,1,130,130,,en la base es solo casillas; 1 matriz; 10 campos de datos; 2 ítems con valor,VIBRATION DATA DATOS DE VIBRACION | Start Time | 0 Mins | 15 Mins | 30 Mins | 45 Mins | 1 Hour | 1½ Hour,4.0 Inspections during the blower start up. (Record in the Annex 1). Revis || 4.1 Record discharge pressure during operation.  Registrar presión de desc,0,
M24A,C+V,1,0,9,2,0,,,1,9,9,,en la base es solo casillas; 2 ítems con valor,,"3.0 Check and record that the correct nozzle type is fitted.:- Type ______ || 5.0 Check that the gearbox lubricant level is correct, and the Pelton driv",0,
M25A,C,1,0,28,0,0,,,1,28,28,,,,,0,
M26A,C,1,0,13,0,0,,,1,13,13,,,,,0,
M26C,C,1,0,15,0,0,,sí,1,15,15,,,,,0,
M27A,C,1,0,14,0,0,,,1,14,14,,,,,0,
M27C,C+V,1,0,12,1,0,,,1,12,12,,en la base es solo casillas; 1 ítems con valor,,6.0 Remove any access plates / inspection hatch cover(s) and inspect and r,0,
M28A,C,1,0,12,0,0,,,1,12,12,,,,,0,
M29A,C,1,0,6,0,0,,,1,6,6,,,,,0,
M30A,C,1,0,15,0,0,,,1,15,15,,,,,0,
M31A,C,1,0,21,0,0,,sí,1,21,21,,,,,0,
M32A,C,1,0,13,0,0,,,1,13,13,,,,,0,
M33A,C+V,1,0,7,3,0,,,1,7,7,,en la base es solo casillas; 3 ítems con valor,,3.0 Record actual Belt Deflection…………….....mm Registro actual de la desvia || 4.0 Record actual  Angular Miss-alignment………………mm Registrar el desalineami || 7.0 Record any Punch list raised Registrar cualquier lista de verificación,0,
M34A,C+V,1,0,20,1,0,,,1,20,20,,en la base es solo casillas; 1 ítems con valor,,13.0 Confirm Grease nipples installed & lubrication. Record type in remarks,0,
M35A,C+V,1,0,19,1,0,sí,,1,20,20,,en la base es solo casillas; 1 ítems con valor,,"6.0 Confirm torque / tension of slew ring bolts, include certificate in MC",0,
M36A,C,1,0,14,0,0,,,1,14,14,,,,,0,
M36C,C+V,1,0,17,1,0,,,1,17,17,,en la base es solo casillas; 1 ítems con valor,,9.0 Verify the following:,0,
M37A,C+V,1,0,21,4,0,,,1,22,22,,en la base es solo casillas; 4 ítems con valor,,13.0 Confirm all material certificates are recorded. Confirmar que todos lo || 14.0 Confirm NDE completed and reports recorded. Confirmar que NDE está com || 16.0 Max. deflection mid span (mm) against Allowable Max. defección en la p,0,
M38A,C+V,1,0,16,1,0,,,1,16,16,,en la base es solo casillas; 1 ítems con valor,,16.0 Confirm lubrication schedule relevant to package complies to project s,0,
M39A,C+V,1,0,19,1,0,,,1,30,30,,en la base es solo casillas; 1 ítems con valor,,2.0 Check that all new boiler tubing has been satisfactorily pressure test,0,
M40A,C,1,0,14,0,0,,,1,14,14,,,,,0,
M41A,C,1,0,35,0,0,,,1,35,35,,,,,0,
M41B,C,1,0,59,0,0,,,1,59,59,,,,,0,
M42A,C+V,3,0,17,5,0,,sí,1,21,21,,en la base es solo casillas; 5 ítems con valor,,"5.0 Before and during (1/4, 1/2, & 3/4) filling the tank with water, check || 6.0 With the manhole and/or other roof fittings open, slowly fill the tank || 8.0 After the tank is full, retighten the anchor bolts if it is anchored a",0,
M42B,C,1,0,25,0,0,,sí,1,27,27,,,,,0,
M43A,C+V,1,0,15,3,0,,,1,15,15,,en la base es solo casillas; 3 ítems con valor,,"07 If gearbox fitted, check preservation oil removed and filled with corr || 08 If pulleys fitted -check correctly aligned. Record belt tension Si las || 11 Check all bearings lubricated in accordance with vendor recommendation",0,
M43C,C+V,1,0,21,8,0,,,1,21,21,,en la base es solo casillas; 8 ítems con valor,,4.0 Test and record Motor Insulation Resistance. Medir y registrar resiste || 6.0 Check motor bearings grease lubrication. Change or regrease if needed  || 7.0 Check adaptor C-Face motor-gearbox bearings grease lubrication. Change,0,
M44A,C+V,1,0,16,2,0,,,1,16,16,,en la base es solo casillas; 2 ítems con valor,,"06 All trays level to within tolerance, i.e. Max 0.3% of dia or 6mm which || 07 All trays underflow downcomer clearances correct to drawing. Tolerance",0,
M44B,C+V,1,0,36,2,0,,sí,1,36,36,,en la base es solo casillas; 2 ítems con valor,,7.0 Coordinate activities with Instrument & Electrical groups to verify th || 7.1 Perform instrument continuity checks and calibrate instruments and con,0,
M49B,C+V,1,0,13,1,0,,,1,13,13,,en la base es solo casillas; 1 ítems con valor,,10.0 Record any additional checks that may have been performed as requested,0,
M50B,C+V,1,0,41,4,0,,,1,41,41,,en la base es solo casillas; 4 ítems con valor,,7.0 Coordinate activities with Instrument & Electrical groups to verify th || 7.1 Perform instrument continuity checks and calibrate instruments and con || 7.6 Confirm Air instrument rack has been verified. Tubing rack-compressor ,0,
M50C,C,1,0,16,0,0,,,1,16,16,,,,,0,
M51B,C+V,1,0,34,3,0,,sí,1,34,34,,en la base es solo casillas; 3 ítems con valor,,7.0 Coordinate activities with Instrument & Electrical groups to verify th || 7.1 Perform instrument continuity checks and calibrate instruments and con || 21.0 Record any additional checks that may have been performed as requested,0,
M51C,C,1,0,15,0,0,,sí,1,15,15,,,,,0,
M52B,C+V,1,0,29,3,0,,sí,1,29,29,,en la base es solo casillas; 3 ítems con valor,,8.0 Coordinate activities with Instrument & Electrical groups to verify th || 8.1 Perform instrument continuity checks and calibrate instruments and con || 17.4 Record data from vibrations/temperature monitoring system. Registre lo,0,
M52C,C+V,1,0,12,1,0,,,1,12,12,,en la base es solo casillas; 1 ítems con valor,,"5.0 Remove access / cover plate of combustion chamber, inspect and record ",0,
M53B,C,1,0,22,0,0,,sí,1,22,22,,,,,0,
M53C,C+V,1,0,10,7,0,,,1,10,10,,en la base es solo casillas; 7 ítems con valor,,4.0 Record the following for the chemical material loaded: Registre lo sig || 4.1 Name of Product: Nombre del Producto: || 4.2 Product Specification / Identification: Especificación del Producto/ I,0,
M54B,C+V,1,0,36,4,0,,,1,36,36,,en la base es solo casillas; 4 ítems con valor,,6.0 Lubricating Oil System: Sistema de lubricación de aceite: || 7.0 Cooling System: Sistema de enfriamiento: || 8.0 Air Intake System: Sistema de entrada de aire:,0,
M54C,M,2,0,6,4,1,,,1,22,22,,en la base es solo casillas; 1 matriz; 4 ítems con valor,Description/Type: Descripción/Tipo: | Catalyst Catalizador | Absorbents Absorbente | Filter Media Medio filtrante | Desiccants          Desecante | 6.1 | N° Bed,3.0 Vessel Name to load (Tag N°):______________ Nombre del Recipiente a ca || 4.0 Atmosphere Used:           Air            Nitrogen              Atmosf || 5.0 Load Type:                    Dense         Not dense             Tipo,0,
M55B,C+V,1,0,39,2,0,,sí,1,39,39,,en la base es solo casillas; 2 ítems con valor,,7.0 Coordinate activities with Instrument & Electrical groups to verify th || 7.1 Perform instrument continuity checks and calibrate instruments and con,0,
M55C,C,1,0,13,0,0,,sí,1,13,13,,,,,0,
M56B,C,1,0,33,0,0,,,1,33,33,,,,,0,
M57B,C+V,1,0,42,6,0,,sí,1,42,42,,en la base es solo casillas; 6 ítems con valor,,8.0 Coordinate activities with Instrument & Electrical groups to verify th || 8.1 Perform instrument continuity checks and calibrate instruments and con || 8.10 Check 480V Motor Control Center is operable and acceptable. Verificar ,0,
M58B,C+V,1,0,74,3,0,,sí,1,74,74,,en la base es solo casillas; 3 ítems con valor,,5.4 Measurement of clearance of blades tips (Final) verified. Verifique qu || 11.0 Coordinate activities with Instrument & Electrical groups to verify th || 11.2 Perform instrument continuity checks.  Realice chequeos de continuidad,0,
M59B,C+V,1,0,18,1,0,,sí,1,18,18,,en la base es solo casillas; 1 ítems con valor,,4.0 Remove any access plate / inspection hatch covers and inspect and reco,0,
M59C,M,2,0,15,2,1,,,1,59,59,,en la base es solo casillas; 1 matriz; 2 ítems con valor,VIBRATION DATA | Start Time | 0 Mins | 15 Mins | 30 Mins | 45 Mins | 1 Hour | 1½ Hour,"12.0 In conjunction with the electrical personnel, carry out no load run te || 14.0 Records vibration data. Registrar los datos de vibración.",0,
M60B,C+V,1,0,43,2,0,,sí,1,43,43,,en la base es solo casillas; 2 ítems con valor,,6.0 Coordinate activities with Instrument & Electrical groups to verify th || 6.1 Perform instrument continuity checks and calibrate instruments and con,0,
M61B,C+V,1,0,32,2,0,,sí,1,32,32,,en la base es solo casillas; 2 ítems con valor,,6.0 Coordinate activities with Instrument & Electrical groups to verify th || 6.1 Perform instrument continuity checks and calibrate instruments and con,0,
M62B,C,1,0,6,0,0,,,1,6,6,,,,,0,
M64B,C+V,1,0,39,2,0,,sí,1,39,39,,en la base es solo casillas; 2 ítems con valor,,16.0 Verify the installation of air pressure gauge (0-100 psig) between ins || 18.0 Coordinate activities with Instrument & Electrical groups to verify th,0,
M65B,C,1,0,16,0,0,,,1,16,16,,,,,0,
M65C,C,1,0,7,0,0,,,1,7,7,,,,,0,
P01A,M,2,0,0,0,1,,,1,12,12,,en la base es solo casillas; 1 matriz; 1 tabla(s) sin clasificar; sin lista de chequeo reconocible,Isometric Number Numero Isométrico | Iso Rev. | Line Number Numero de Línea | P&ID | Remarks Observaciones,,1,System / Sub-System Description: Descripción Sistema / Sub-Sistema:
P02A,C,1,0,15,0,0,,,1,15,15,,,,,0,
P03A,C+V,2,0,15,11,0,,,1,25,25,,en la base es solo casillas; 11 ítems con valor,,1.0 Gauge 1 Calibration Check – Tag/Serial No: Escala 1 Chequeo de Calibra || 1.2 Dead Weight Tester Serial No.: No. Serie probador de peso muerto: || 1.3 Test Cert. No.: Certificado de prueba No.:,0,
P04A,C+V,1,0,11,2,0,,,1,15,15,,en la base es solo casillas; 2 ítems con valor,,2.0 Check all NDE and PWHT has been met and recorded. Comprobar que todas  || 3.0 TEST RESULTS and READINGS RESULTADOS DEL TEST y LECTURAS,0,
P05A,C+V,1,0,20,1,0,,,1,20,20,,en la base es solo casillas; 1 ítems con valor,,1.0 For ISLT and Visual Test Packs with no P04A Check all NDE and PWHT has,0,
P06A,C+V,1,0,5,1,0,,,1,5,5,,en la base es solo casillas; 1 ítems con valor,,1.0 Verify the following Pipe Marking details for all lines shown on the P,0,
P06A(1),C+V,1,0,5,1,0,,,1,5,5,,en la base es solo casillas; 1 ítems con valor,,1.0 Verify the following Pipe Marking details for all lines shown on the P,0,
P07A,D,2,12,8,2,0,,,1,21,21,,en la base es solo casillas; 12 campos de datos; 2 ítems con valor,,5.0 Initial Torque (30%) Reading as required by Spec. Torque inicial (30%) || 6.0 Final Torque (100%) Reading as required by Spec. Torque final (100%) d,0,
P08A,C+V,2,0,53,3,0,sí,,1,55,55,,en la base es solo casillas; 3 ítems con valor,, BEFORE WELDING ANTES DE LA SOLDADURA Each of the following considerati ||  BEFORE CUTTING ANTES DEL CORTE Each of the following considerations sh ||  BEFORE REMOVING THE HOT TAPPING MACHINE ANTES DE RETIRAR LA MAQUINA DE,0,
P10A,C+V,1,0,14,1,0,,,1,14,14,,en la base es solo casillas; 1 ítems con valor,,2 Check all NDE and Stress relieving has been met and recorded including,0,
P11A,C,1,0,14,0,0,,,1,14,14,,,,,0,
P11B,C+V,1,0,20,3,0,,,1,23,23,,en la base es solo casillas; 3 ítems con valor,,6.0 System/subsystem circulated for ______hrs and/or until the degreasing  || 9.0 System / subsystem circulated for ______hrs and/or until required iron || 12.0 Nitrogen has been introduced into the system/subsystem piping and equi,0,
P13B,C+V,2,0,3,2,0,,,1,5,5,,en la base es solo casillas; 2 ítems con valor,,1.0 Select Cleaning Medium used: Seleccionar el medio de limpieza utilizad || 2.0 Select Inspection Method(s) used: Seleccionar método(s) de Inspección ,0,
P14B,C,2,0,26,0,0,,,1,27,27,,,,,0,
P15B,C+V,1,0,20,3,0,,,1,22,22,,en la base es solo casillas; 3 ítems con valor,,"3.0 Relief valve available.    (If no, indicate why) Valve number set at:  || 14.0 Work Permit No.:_________________ Permiso de trabajo No.: || 1.0 Test pressure achieved:                             Psig  Presión de p",0,
P15C,C+V,2,0,10,7,0,,,1,13,13,,en la base es solo casillas; 7 ítems con valor; 1 tabla(s) sin clasificar,,4.0 Test medium recommended: Medio de prueba recomendado: Air: ____ Aire:  || 5.0 Design Pressure for the System to be tested:              Psi(g) Presi || 6.0 Approved Leak Test Pressure for the System:             Psi(g) Presión,1,Reference P&ID Numbers:
P16B,M,2,0,13,3,1,,,1,22,22,,en la base es solo casillas; 1 matriz; 3 ítems con valor,ISO# | Joint Tag | Size (inch) | Rating (lbs) | Bolt diam (inch) | # Bolts | Torque Value (lb-ft) | Date,1.0 Record Joint Identification Number. Registro de número de identificaci || 9.0 Bolt tension setting 1 ___________ Tensión de pernos 1 || 10.0 Bolt tension setting 2 ___________ Tensión de pernos 2,0,
P17B,M,3,0,6,2,1,,,1,17,17,,en la base es solo casillas; 1 matriz; 2 ítems con valor; 1 tabla(s) sin clasificar,7.0 | Tag Numbers for Equipment included in the Purging Operation: Números de Tags de los equipos incluidos en la operación de purga:,2.0 Purge Medium recommended: Medio de Purga recomendado: || 6.0 I.D. Numbers for Lines included in the Purging Operation: Números de i,1,Reference P&ID Numbers: Números P&ID de Referencia:
P18B,C,1,0,6,0,0,,,1,6,6,,,,,0,
P19B,C+V,1,0,6,2,0,,,1,8,8,,en la base es solo casillas; 2 ítems con valor,,2.0 Verify that the steam conditions apply as agreed upon and approved in  || 4.0 Verify that was selected the appropriate Inspection Method according t,0,
P21C,C+V,3,0,24,2,0,,,1,31,31,,en la base es solo casillas; 2 ítems con valor; 2 tabla(s) sin clasificar,,1.2 Variable springs (Quantity): Resortes Variables (Cantidad): || 1.3 Constant springs (Quantity): Resortes Constantes (Cantidad):,2,Reference P&ID Numbers: || I.D. Numbers for Lines and installed Spring Supports tags and manufacturers: Código y Número de líneas e identificación 
Q01A,C,1,0,44,0,0,,,1,44,44,,,,,0,
Q02A,C+V,1,0,20,4,0,,,1,20,20,,en la base es solo casillas; 4 ítems con valor,,"2.0 INSULATION PROTECTION / WEATHER PROOFING: PROTECCION DE AISLAMIENTO /  || 2.1 Overlap, longitudinal min 50mm Superposición, longitudinal min 50mm || 2.2 Overlap, circumferential min 75mm Superposición, circunferencial min 7",0,
Q03A,C,1,0,35,0,0,,,1,35,35,,,,,0,
Q04A,D,2,2,28,4,0,,,1,37,37,,en la base es solo casillas; 2 campos de datos; 4 ítems con valor,,"1.8 Longitude & end joints in multi layer offset by at least 75mm Longitud || 3.1 Overlap, longitudinal min 50mm Superposición, longitudinal min 50mm || 3.2 Overlap, circumferential min 75mm Superposición, circunferencial min 7",0,
Q05A,C,1,0,12,0,0,,,1,12,12,,,,,0,
Q06A,C,1,0,10,0,0,,,1,10,10,,,,,0,
Q07A,C+V,1,0,9,1,0,,,1,9,9,,en la base es solo casillas; 1 ítems con valor,,1.3 Tonnage used: Tonelaje usado:,0,
T01A,C,1,0,10,0,0,,sí,1,11,11,,,,,0,
T01C,M,3,0,4,0,1,,,1,10,10,,en la base es solo casillas; 1 matriz,*  Equipment Type | Manufacturer | Model No | Vendor Drwg No's,,0,
T02A,D,3,2,8,1,0,sí,,1,18,18,,en la base es solo casillas; 2 campos de datos; 1 ítems con valor,,4.0 Continuity check Revisar la continuidad,0,
T03A,D,3,5,9,1,0,sí,,1,20,20,,en la base es solo casillas; 5 campos de datos; 1 ítems con valor,, Folder / File Name: Carpeta / Nombre de archivo:,0,
T04A,C,1,0,7,0,0,,,1,8,8,,,,,0,
T04B,C+V,1,0,5,2,0,,,1,5,5,,en la base es solo casillas; 2 ítems con valor,,1.0 Verify that device and cables A check sheets and tests are complete. V || 3.0 Measure supply voltage (120Vac) and audio voltage (25Vac). Medir tensi,0,
T04C,M,3,0,4,0,1,,,1,10,10,,en la base es solo casillas; 1 matriz,*  Equipment Type | Manufacturer | Model No | Vendor Drwg No's,,0,
T05A,C,1,0,11,0,0,,,1,12,12,,,,,0,
T05C,M,3,0,4,0,1,,,1,10,10,,en la base es solo casillas; 1 matriz,*  Equipment Type | Manufacturer | Model No | Vendor Drwg No's,,0,
T06A,C,1,0,13,0,0,,,1,14,14,,,,,0,
T06B,C+V,1,0,7,1,0,,sí,1,7,7,,en la base es solo casillas; 1 ítems con valor,,1.0 Verify that device and cables A check sheets and tests are complete. V,0,
T06C,M,3,0,4,0,1,,,1,13,13,,en la base es solo casillas; 1 matriz,*  Equipment Type | Manufacturer | Model No | Vendor Drwg No's | Low Power Loudspeaker,,0,
T07A,D,3,4,8,1,0,sí,,1,20,20,,en la base es solo casillas; 4 campos de datos; 1 ítems con valor,,5.0 Continuity Check Revisar la continuidad,0,
T08A,D,3,4,17,2,0,sí,,1,29,29,,en la base es solo casillas; 4 campos de datos; 2 ítems con valor,,"5.0 Continuity Check. (Test each conductor, inc shield) Revisión de contin || 7.0 Insulation Resistance (500 Volt Megger Min. 100MΩ)  La resistencia del",0,
T09A,C+V,1,0,20,2,0,,,1,20,20,,en la base es solo casillas; 2 ítems con valor,,18.0 Check record earth bar resistance to telecom / clean earth. Verificar  || 19.0 Check record earth bar resistance to general earth. Verificar el regis,0,
T09C,C+V,1,0,26,2,0,,,1,26,26,,en la base es solo casillas; 2 ítems con valor,,4.0 Measure supply voltage (120Vac). Medir tensión de alimentación (120Vac || 13.1 Measure internal supply voltage (120Vac). Medición de tensión de alime,0,
T10A,C,1,0,19,0,0,,,1,19,19,,,,,0,
T10C,C,1,0,7,0,0,,,1,7,7,,,,,0,
T11A,C,1,0,19,0,0,,,1,19,19,,,,,0,
T11B,C+V,1,0,16,1,0,,sí,1,16,16,,en la base es solo casillas; 1 ítems con valor,,4.0 Measure supply voltage (120Vac). Medir tensión de alimentación (120Vac,0,
T12A,C,1,0,15,0,0,,,1,15,15,,,,,0,
T12B,C+V,1,0,8,2,0,,,1,8,8,,en la base es solo casillas; 2 ítems con valor,,1.0 Verify that device and cables A check sheets and tests are complete. V || 3.0 Measure device voltaje. Medir tensión de dispositivo.,0,
T13C,C,1,0,3,0,0,,,1,3,3,,,,,0,
T14C,C,1,0,4,0,0,,,1,4,4,,,,,0,
X01A,C,2,0,0,0,0,,,1,2,2,,2 tabla(s) sin clasificar; sin lista de chequeo reconocible,,,2,List of boundary drawings reflecting the scope of the tag: Lista de los planos de los limites que refleja el alcance de  || The painting/coating scope of work a
X02A,C,1,0,12,0,0,,,1,13,13,,,,,0,
